symbol,company,report_date,implied_move_pct,close_move_pct,peak_move_pct,beat_implied
A,Agilent Technologies,2022-08-16,4.5,7.2,12.2,1
A,Agilent Technologies,2022-11-21,7.2,8.1,8.5,1
A,Agilent Technologies,2023-02-28,6.3,-3.1,-4.0,0
A,Agilent Technologies,2023-05-23,6.9,-5.9,-11.9,1
A,Agilent Technologies,2023-08-15,5.3,-3.4,-4.2,0
A,Agilent Technologies,2023-11-20,8.1,8.7,9.4,1
A,Agilent Technologies,2024-02-27,7.2,3.4,5.5,0
A,Agilent Technologies,2024-05-29,6.7,-9.7,-13.9,1
A,Agilent Technologies,2024-08-21,7.6,0.2,3.9,0
A,Agilent Technologies,2024-11-25,8.0,-0.1,-6.2,0
A,Agilent Technologies,2025-02-26,7.3,-5.5,-6.4,0
A,Agilent Technologies,2025-05-28,8.9,2.2,5.5,0
A,Agilent Technologies,2025-08-27,7.5,5.3,5.7,0
A,Agilent Technologies,2025-11-24,7.7,2.3,4.3,0
A,Agilent Technologies,2026-02-25,7.6,-3.0,-8.2,1
A,Agilent Technologies,2026-05-27,9.2,16.9,20.3,1
A,Agilent Technologies,2026-08-26,8.9,1.7,5.6,0
AA,Alcoa Corporation,2022-10-19,8.6,3.4,10.8,1
AA,Alcoa Corporation,2023-01-18,7.3,-7.4,-7.4,1
AA,Alcoa Corporation,2023-04-19,6.3,-2.4,-3.9,0
AA,Alcoa Corporation,2023-07-19,6.5,-6.2,-6.2,0
AA,Alcoa Corporation,2023-10-18,6.7,-8.6,-8.7,1
AA,Alcoa Corporation,2024-01-17,7.6,-1.6,5.7,0
AA,Alcoa Corporation,2024-04-17,6.3,-0.2,-4.8,0
AA,Alcoa Corporation,2024-07-17,5.1,-3.2,-3.9,0
AA,Alcoa Corporation,2024-10-16,5.7,-4.1,-4.9,0
AA,Alcoa Corporation,2025-01-22,6.7,-3.7,-6.9,1
AA,Alcoa Corporation,2025-04-16,6.6,-7.0,-8.0,1
AA,Alcoa Corporation,2025-07-16,6.2,2.9,6.4,1
AA,Alcoa Corporation,2025-10-22,6.1,12.6,16.5,1
AA,Alcoa Corporation,2026-01-22,5.2,-1.5,-8.9,1
AA,Alcoa Corporation,2026-04-16,5.4,-6.8,-10.5,1
AA,Alcoa Corporation,2026-07-16,6.1,-6.1,-6.6,1
AAL,American Airlines Group Inc,2022-10-20,6.0,-3.8,-4.0,0
AAL,American Airlines Group Inc,2023-01-26,5.5,2.2,-3.3,0
AAL,American Airlines Group Inc,2023-04-27,5.3,1.1,5.2,0
AAL,American Airlines Group Inc,2023-07-20,4.9,-6.2,-7.1,1
AAL,American Airlines Group Inc,2023-10-19,5.7,0.8,5.7,1
AAL,American Airlines Group Inc,2024-01-25,5.5,10.3,11.0,1
AAL,American Airlines Group Inc,2024-04-25,6.3,1.5,-3.4,0
AAL,American Airlines Group Inc,2024-07-25,8.1,4.2,7.2,0
AAL,American Airlines Group Inc,2024-10-24,7.5,-0.4,6.2,0
AAL,American Airlines Group Inc,2025-01-23,8.0,-8.7,-10.3,1
AAL,American Airlines Group Inc,2025-04-24,7.9,3.1,3.9,0
AAL,American Airlines Group Inc,2025-07-24,8.2,-9.6,-10.6,1
AAL,American Airlines Group Inc,2025-10-23,6.0,5.6,7.9,1
AAL,American Airlines Group Inc,2026-01-27,6.6,-7.0,-8.3,1
AAL,American Airlines Group Inc,2026-04-23,5.8,2.4,5.6,0
AAL,American Airlines Group Inc,2026-07-23,6.5,-8.4,-10.0,1
AAPL,Apple,2022-07-28,3.7,3.3,4.0,1
AAPL,Apple,2022-10-27,5.5,7.6,8.8,1
AAPL,Apple,2023-02-02,4.4,2.4,4.3,0
AAPL,Apple,2023-05-04,4.2,4.7,5.1,1
AAPL,Apple,2023-08-03,3.6,-4.8,-4.8,1
AAPL,Apple,2023-11-02,3.7,-0.5,-2.4,0
AAPL,Apple,2024-02-01,3.6,-0.5,-4.1,1
AAPL,Apple,2024-05-02,3.8,6.0,8.1,1
AAPL,Apple,2024-08-01,4.2,0.7,3.3,0
AAPL,Apple,2024-10-31,3.9,-1.3,-2.5,0
AAPL,Apple,2025-01-30,4.2,-0.7,4.0,0
AAPL,Apple,2025-05-01,4.3,-3.7,-5.2,1
AAPL,Apple,2025-07-31,4.4,-2.5,-2.9,0
AAPL,Apple,2025-10-30,3.3,-0.4,2.2,0
AAPL,Apple,2026-01-29,4.5,0.5,-2.4,0
AAPL,Apple,2026-04-30,3.8,3.2,5.8,1
AAPL,Apple,2026-07-30,3.8,-7.4,-10.0,1
ABBV,AbbVie,2022-07-29,2.8,-4.2,-7.1,1
ABBV,AbbVie,2022-10-28,3.4,-3.8,-7.3,1
ABBV,AbbVie,2023-02-09,3.5,2.8,6.3,1
ABBV,AbbVie,2023-04-27,2.8,-8.0,-9.0,1
ABBV,AbbVie,2023-07-27,3.6,4.9,6.7,1
ABBV,AbbVie,2023-10-27,3.8,-4.3,-6.3,1
ABBV,AbbVie,2024-02-02,3.4,0.6,3.1,0
ABBV,AbbVie,2024-04-26,4.3,-4.6,-5.8,1
ABBV,AbbVie,2024-07-25,4.1,3.4,5.6,1
ABBV,AbbVie,2024-10-30,3.9,6.4,6.8,1
ABBV,AbbVie,2025-01-31,4.4,4.7,9.2,1
ABBV,AbbVie,2025-04-25,4.8,3.2,4.6,0
ABBV,AbbVie,2025-07-31,4.8,-0.2,5.0,1
ABBV,AbbVie,2025-10-31,4.1,-4.5,-5.3,1
ABBV,AbbVie,2026-02-04,4.7,-3.8,-9.5,1
ABBV,AbbVie,2026-04-29,4.8,3.1,4.1,0
ACHR,Archer Aviation,2022-05-12,28.9,7.4,11.1,0
ACHR,Archer Aviation,2022-08-10,22.0,13.0,17.7,0
ACHR,Archer Aviation,2022-11-10,14.7,-3.1,5.6,0
ACHR,Archer Aviation,2023-03-09,17.0,8.5,14.5,0
ACHR,Archer Aviation,2023-05-11,13.1,-15.6,-19.4,1
ACHR,Archer Aviation,2023-08-10,20.1,-1.0,19.2,0
ACHR,Archer Aviation,2023-11-09,16.2,-5.5,-9.1,0
ACHR,Archer Aviation,2024-02-26,11.8,-2.4,-6.7,0
ACHR,Archer Aviation,2024-05-09,9.3,-3.2,9.5,1
ACHR,Archer Aviation,2024-08-08,7.5,-8.8,-14.0,1
ACHR,Archer Aviation,2024-11-07,10.0,11.1,17.1,1
ACHR,Archer Aviation,2025-02-27,11.1,12.1,-16.2,1
ACHR,Archer Aviation,2025-05-12,12.8,22.9,26.9,1
ACHR,Archer Aviation,2025-08-11,13.9,7.4,8.4,0
ACHR,Archer Aviation,2025-11-06,9.5,-7.9,-18.9,1
ACHR,Archer Aviation,2026-03-02,12.4,-10.6,-13.4,1
ACI,Albertsons,2022-10-18,3.8,1.2,1.6,0
ACI,Albertsons,2023-01-10,3.8,1.8,1.8,0
ACI,Albertsons,2023-04-11,3.0,-1.6,-2.3,0
ACI,Albertsons,2023-07-25,2.0,-1.8,-3.9,1
ACI,Albertsons,2024-01-09,4.1,0.5,2.1,0
ACI,Albertsons,2024-04-22,7.9,-0.6,-1.4,0
ACI,Albertsons,2024-07-23,6.9,1.4,-1.9,0
ACI,Albertsons,2024-10-15,6.8,1.0,1.8,0
ACI,Albertsons,2025-01-08,4.7,0.8,1.4,0
ACI,Albertsons,2025-04-15,5.0,-7.6,-9.0,1
ACI,Albertsons,2025-07-15,3.9,-5.1,-7.0,1
ACI,Albertsons,2025-10-14,6.0,13.6,15.0,1
ACI,Albertsons,2026-01-07,5.3,-6.0,-7.7,1
ACI,Albertsons,2026-04-14,5.6,-3.0,-5.4,0
ACI,Albertsons,2026-07-23,5.6,-21.6,-24.5,1
ACN,Accenture,2022-09-22,4.2,-1.2,2.3,0
ACN,Accenture,2022-12-16,3.9,-5.9,-6.4,1
ACN,Accenture,2023-03-23,4.6,7.3,8.4,1
ACN,Accenture,2023-06-22,4.0,-1.9,-5.5,1
ACN,Accenture,2023-09-28,4.2,-4.3,-6.3,1
ACN,Accenture,2023-12-19,4.2,-0.1,-2.9,0
ACN,Accenture,2024-03-21,4.6,-9.3,-10.0,1
ACN,Accenture,2024-06-20,8.0,7.3,11.3,1
ACN,Accenture,2024-09-26,5.6,5.6,8.0,1
ACN,Accenture,2024-12-19,5.8,7.1,8.4,1
ACN,Accenture,2025-03-20,6.5,-7.3,-10.2,1
ACN,Accenture,2025-06-20,5.8,-6.9,-10.8,1
ACN,Accenture,2025-09-25,7.4,-2.7,-4.0,0
ACN,Accenture,2025-12-18,5.9,-1.4,-4.5,0
ACN,Accenture,2026-03-19,6.6,4.3,6.6,1
ACN,Accenture,2026-06-18,6.7,-18.0,-19.5,1
ADBE,Adobe,2022-09-15,6.3,-16.8,-17.9,1
ADBE,Adobe,2022-12-15,6.5,3.0,7.8,1
ADBE,Adobe,2023-03-15,5.8,5.9,6.6,1
ADBE,Adobe,2023-06-15,7.3,0.9,5.7,0
ADBE,Adobe,2023-09-14,4.9,-4.2,-5.2,1
ADBE,Adobe,2023-12-13,5.7,-6.3,-7.4,1
ADBE,Adobe,2024-03-14,7.1,-13.7,-15.0,1
ADBE,Adobe,2024-06-13,8.9,14.5,16.5,1
ADBE,Adobe,2024-09-12,7.2,-8.5,-10.2,1
ADBE,Adobe,2024-12-11,7.8,-13.7,-14.4,1
ADBE,Adobe,2025-03-12,8.1,-13.9,-14.6,1
ADBE,Adobe,2025-06-12,7.3,-5.3,-7.2,0
ADBE,Adobe,2025-09-11,10.8,-0.3,4.5,0
ADBE,Adobe,2025-12-10,7.0,2.1,4.0,0
ADBE,Adobe,2026-03-12,6.9,-7.6,-8.4,1
ADBE,Adobe,2026-06-11,9.2,-6.8,-10.0,1
ADBE,Adobe,2026-09-10,8.5,1.4,-2.9,0
ADI,Analog Devices,2022-08-17,3.7,-5.0,-6.7,1
ADI,Analog Devices,2022-11-22,3.6,5.8,6.0,1
ADI,Analog Devices,2023-02-15,3.5,7.5,7.6,1
ADI,Analog Devices,2023-05-24,3.9,-7.8,-9.7,1
ADI,Analog Devices,2023-08-23,4.8,0.5,-4.6,0
ADI,Analog Devices,2023-11-21,4.7,-1.4,-2.4,0
ADI,Analog Devices,2024-02-21,5.0,2.3,2.6,0
ADI,Analog Devices,2024-05-22,3.6,10.9,11.0,1
ADI,Analog Devices,2024-08-21,5.1,1.8,6.0,1
ADI,Analog Devices,2024-11-26,5.7,-2.0,4.5,0
ADI,Analog Devices,2025-02-19,5.2,9.7,10.1,1
ADI,Analog Devices,2025-05-22,4.8,-4.6,-4.9,1
ADI,Analog Devices,2025-08-20,5.9,6.3,6.5,1
ADI,Analog Devices,2025-11-25,5.0,5.3,5.5,1
ADI,Analog Devices,2026-02-18,6.3,2.6,5.3,0
ADI,Analog Devices,2026-05-20,7.3,-3.9,-7.4,1
ADI,Analog Devices,2026-08-19,6.5,-0.9,-1.8,0
ADSK,Autodesk,2022-08-24,7.5,2.7,9.6,1
ADSK,Autodesk,2022-11-22,7.2,-5.7,-10.0,1
ADSK,Autodesk,2023-02-23,5.9,-12.9,-13.4,1
ADSK,Autodesk,2023-05-25,7.2,0.7,2.5,0
ADSK,Autodesk,2023-08-23,6.3,2.1,6.1,0
ADSK,Autodesk,2023-11-21,6.3,-6.9,-8.1,1
ADSK,Autodesk,2024-02-29,7.0,2.5,8.3,1
ADSK,Autodesk,2024-06-10,3.4,-3.1,-5.7,1
ADSK,Autodesk,2024-08-29,5.9,0.1,6.8,1
ADSK,Autodesk,2024-11-26,6.7,-8.6,-8.9,1
ADSK,Autodesk,2025-02-27,7.0,-2.9,-5.4,0
ADSK,Autodesk,2025-05-22,5.3,0.1,3.3,0
ADSK,Autodesk,2025-08-28,5.8,9.1,13.2,1
ADSK,Autodesk,2025-11-25,6.2,2.4,8.7,1
ADSK,Autodesk,2026-02-26,7.5,5.3,6.5,0
ADSK,Autodesk,2026-05-28,9.2,-4.0,-9.9,1
ADSK,Autodesk,2026-08-27,9.4,-3.7,-6.4,0
AEO,AEO,2022-09-07,9.6,-8.7,-14.2,1
AEO,AEO,2022-11-23,2.3,0.0,2.1,0
AEO,AEO,2023-03-01,9.3,1.2,6.2,0
AEO,AEO,2023-05-24,11.4,-11.9,-17.6,1
AEO,AEO,2023-09-06,7.5,-2.5,-4.0,0
AEO,AEO,2023-11-21,9.7,-15.8,-19.4,1
AEO,AEO,2024-03-07,12.2,-1.9,12.8,1
AEO,AEO,2024-05-29,10.3,-7.6,-11.9,1
AEO,AEO,2024-08-29,10.4,-4.2,-10.7,1
AEO,AEO,2024-12-04,10.6,-14.3,-17.5,1
AEO,AEO,2025-03-12,10.9,-4.1,-4.6,0
AEO,AEO,2025-05-29,9.2,-2.0,-10.6,1
AEO,AEO,2025-09-03,13.2,38.0,38.4,1
AEO,AEO,2025-12-02,14.2,15.1,17.2,1
AEO,AEO,2026-03-04,12.2,-13.9,-16.2,1
AEO,AEO,2026-05-28,11.1,-11.8,-18.9,1
AEO,AEO,2026-09-09,14.1,-14.0,-16.5,1
AIR,AAR Corp,2022-07-21,8.2,-3.3,-9.9,1
AIR,AAR Corp,2022-09-22,10.7,-7.1,-11.2,1
AIR,AAR Corp,2022-12-20,10.7,-4.6,-8.9,0
AIR,AAR Corp,2023-03-21,7.5,5.0,8.1,1
AIR,AAR Corp,2023-07-18,6.8,-1.8,6.8,1
AIR,AAR Corp,2023-09-26,8.2,2.5,5.2,0
AIR,AAR Corp,2023-12-21,8.4,-10.2,-10.6,1
AIR,AAR Corp,2024-03-21,9.7,-5.9,-8.9,0
AIR,AAR Corp,2024-07-18,6.1,-12.1,-12.7,1
AIR,AAR Corp,2024-09-23,11.3,-4.5,-4.8,0
AIR,AAR Corp,2025-01-07,9.0,8.6,11.6,1
AIR,AAR Corp,2025-03-27,9.2,-16.4,-18.0,1
AIR,AAR Corp,2025-07-16,8.0,13.6,15.4,1
AIR,AAR Corp,2025-09-23,12.2,4.2,5.4,0
AIR,AAR Corp,2026-01-06,9.7,2.1,8.4,0
AIR,AAR Corp,2026-03-24,11.8,9.9,14.1,1
AIR,AAR Corp,2026-07-21,14.0,-9.8,-11.5,0
ALV,Autoliv,2022-07-22,9.6,0.8,3.6,0
ALV,Autoliv,2022-10-21,6.0,4.1,4.5,0
ALV,Autoliv,2023-01-27,6.4,9.2,10.4,1
ALV,Autoliv,2023-04-21,4.7,-5.3,-7.9,1
ALV,Autoliv,2023-07-21,4.0,10.2,11.5,1
ALV,Autoliv,2023-10-20,6.3,7.0,8.2,1
ALV,Autoliv,2024-01-26,7.0,2.8,6.8,0
ALV,Autoliv,2024-04-26,6.5,5.6,8.7,1
ALV,Autoliv,2024-07-19,4.1,-10.1,-11.3,1
ALV,Autoliv,2024-10-18,6.7,6.0,7.8,1
ALV,Autoliv,2025-01-31,8.0,-4.6,-5.6,0
ALV,Autoliv,2025-04-16,5.9,5.6,9.3,1
ALV,Autoliv,2025-07-18,5.8,-4.0,-5.1,0
ALV,Autoliv,2025-10-17,4.7,-2.6,-5.1,1
ALV,Autoliv,2026-01-30,7.3,-4.1,-5.6,0
ALV,Autoliv,2026-04-17,6.0,6.8,13.2,1
ALV,Autoliv,2026-07-17,5.6,-3.8,-6.6,1
AMAT,Applied Materials,2022-08-18,4.1,-3.4,-4.5,1
AMAT,Applied Materials,2022-11-17,4.6,0.2,5.3,1
AMAT,Applied Materials,2023-02-16,4.4,0.0,-1.7,0
AMAT,Applied Materials,2023-05-18,3.7,-2.3,-3.6,0
AMAT,Applied Materials,2023-08-17,4.4,3.7,4.4,1
AMAT,Applied Materials,2023-11-16,5.7,-4.0,-8.3,1
AMAT,Applied Materials,2024-02-15,4.8,6.3,10.2,1
AMAT,Applied Materials,2024-05-16,4.8,-0.9,2.5,0
AMAT,Applied Materials,2024-08-15,5.5,-1.9,-5.0,0
AMAT,Applied Materials,2024-11-14,5.5,-9.2,-10.0,1
AMAT,Applied Materials,2025-02-13,5.3,-8.2,-8.5,1
AMAT,Applied Materials,2025-05-15,5.4,-5.3,-7.3,1
AMAT,Applied Materials,2025-08-14,5.6,-14.1,-14.1,1
AMAT,Applied Materials,2025-11-13,5.7,1.2,-8.9,1
AMAT,Applied Materials,2026-02-12,7.8,8.1,14.6,1
AMAT,Applied Materials,2026-05-14,8.1,-0.9,-4.3,0
AMAT,Applied Materials,2026-08-13,7.3,-5.1,-7.0,0
AMC,AMC Entertainment,2022-08-04,12.6,18.9,22.0,1
AMC,AMC Entertainment,2022-11-08,16.9,-7.7,-10.1,0
AMC,AMC Entertainment,2023-02-28,16.9,-8.0,-9.5,0
AMC,AMC Entertainment,2023-05-05,9.1,-0.5,-4.4,0
AMC,AMC Entertainment,2023-08-08,16.2,-0.6,6.6,0
AMC,AMC Entertainment,2023-11-08,12.6,-13.7,-20.5,1
AMC,AMC Entertainment,2024-02-28,19.2,-13.4,-15.4,0
AMC,AMC Entertainment,2024-05-08,17.9,-4.4,-8.8,0
AMC,AMC Entertainment,2024-08-02,12.3,0.2,-10.7,0
AMC,AMC Entertainment,2024-11-06,11.6,-6.1,-7.6,0
AMC,AMC Entertainment,2025-02-25,15.0,-0.3,5.5,0
AMC,AMC Entertainment,2025-05-07,11.4,-0.4,3.0,0
AMC,AMC Entertainment,2025-08-11,15.7,3.4,11.3,0
AMC,AMC Entertainment,2025-11-05,11.6,4.0,5.6,0
AMC,AMC Entertainment,2026-02-23,23.3,-4.2,-4.2,0
AMC,AMC Entertainment,2026-05-05,16.4,3.1,10.4,0
AMD,Advanced Micro Devices,2022-08-02,8.0,-1.2,-5.7,0
AMD,Advanced Micro Devices,2022-11-01,8.5,-1.7,7.2,0
AMD,Advanced Micro Devices,2023-01-31,7.5,12.6,13.7,1
AMD,Advanced Micro Devices,2023-05-02,7.4,-9.2,-9.9,1
AMD,Advanced Micro Devices,2023-08-01,8.1,-7.0,-8.7,1
AMD,Advanced Micro Devices,2023-10-31,7.6,9.7,9.8,1
AMD,Advanced Micro Devices,2024-01-30,8.8,-2.5,-5.5,0
AMD,Advanced Micro Devices,2024-04-30,8.5,-8.9,-10.3,1
AMD,Advanced Micro Devices,2024-07-30,8.9,4.4,11.0,1
AMD,Advanced Micro Devices,2024-10-29,8.2,-10.6,-10.9,1
AMD,Advanced Micro Devices,2025-02-04,8.7,-6.3,-10.9,1
AMD,Advanced Micro Devices,2025-05-06,8.2,1.8,4.9,0
AMD,Advanced Micro Devices,2025-08-05,8.3,-6.4,-9.5,1
AMD,Advanced Micro Devices,2025-11-04,7.3,2.5,3.8,0
AMD,Advanced Micro Devices,2026-02-03,8.2,-17.3,-17.7,1
AMD,Advanced Micro Devices,2026-05-05,8.8,18.6,21.2,1
AMD,Advanced Micro Devices,2026-08-04,8.0,-7.0,-7.8,0
AMZN,Amazon,2022-07-28,6.3,10.4,12.6,1
AMZN,Amazon,2022-10-27,10.1,-6.8,-12.0,1
AMZN,Amazon,2023-02-02,9.1,-8.4,-9.2,1
AMZN,Amazon,2023-04-27,7.6,-4.0,-5.0,0
AMZN,Amazon,2023-08-03,6.7,8.3,11.4,1
AMZN,Amazon,2023-10-26,7.7,6.8,8.7,1
AMZN,Amazon,2024-02-01,6.6,7.9,8.3,1
AMZN,Amazon,2024-04-30,9.2,2.3,5.8,0
AMZN,Amazon,2024-08-01,7.2,-8.8,-12.8,1
AMZN,Amazon,2024-10-31,6.7,6.2,7.6,1
AMZN,Amazon,2025-02-06,6.1,-4.1,-4.5,0
AMZN,Amazon,2025-05-01,6.3,-0.1,-2.0,0
AMZN,Amazon,2025-07-31,5.9,-8.3,-9.1,1
AMZN,Amazon,2025-10-30,7.1,9.6,12.4,1
AMZN,Amazon,2026-02-05,8.7,-5.6,-10.0,1
AMZN,Amazon,2026-04-29,7.6,0.8,4.1,0
AMZN,Amazon,2026-07-30,8.3,15.3,16.0,1
APLD,Applied Digital,2023-07-24,22.7,13.7,28.1,1
APLD,Applied Digital,2023-10-09,13.5,12.6,19.5,1
APLD,Applied Digital,2024-01-16,18.2,-26.2,-26.4,1
APLD,Applied Digital,2024-04-11,16.9,-11.7,-13.7,0
APLD,Applied Digital,2024-08-28,19.3,-13.4,-15.8,0
APLD,Applied Digital,2024-10-09,23.2,-6.9,-10.0,0
APLD,Applied Digital,2025-01-14,19.0,-2.0,-5.0,0
APLD,Applied Digital,2025-04-14,17.9,-35.9,-37.4,1
APLD,Applied Digital,2025-07-30,11.8,31.0,40.2,1
APLD,Applied Digital,2025-10-09,15.7,16.0,33.4,1
APLD,Applied Digital,2026-01-07,15.0,8.1,20.1,1
APLD,Applied Digital,2026-04-08,13.1,-8.0,-9.8,0
APLD,Applied Digital,2026-07-27,15.2,0.9,-3.7,0
ARM,Arm Holdings,2023-11-09,1.9,1.3,1.8,0
ARM,Arm Holdings,2024-02-07,12.1,47.9,64.4,1
ARM,Arm Holdings,2024-05-08,13.5,-2.3,-7.8,0
ARM,Arm Holdings,2024-07-31,11.4,-15.7,-18.0,1
ARM,Arm Holdings,2024-11-06,11.1,4.1,6.9,0
ARM,Arm Holdings,2025-02-05,10.9,-3.3,-8.4,0
ARM,Arm Holdings,2025-05-07,8.4,-6.2,-7.9,0
ARM,Arm Holdings,2025-07-30,8.6,-13.4,-14.8,1
ARM,Arm Holdings,2025-11-05,8.7,-1.2,4.6,0
ARM,Arm Holdings,2026-02-04,9.2,5.7,9.7,1
ARM,Arm Holdings,2026-05-06,13.7,-10.1,-11.4,0
ARM,Arm Holdings,2026-07-29,12.0,7.4,19.4,1
ASML,ASML,2022-07-20,5.0,3.2,3.7,0
ASML,ASML,2022-10-19,6.1,6.3,8.2,1
ASML,ASML,2023-01-25,4.3,1.7,-2.2,0
ASML,ASML,2023-04-19,4.3,-3.1,-4.1,0
ASML,ASML,2023-07-19,4.2,-5.4,-5.8,1
ASML,ASML,2023-10-18,4.5,-4.2,-5.7,1
ASML,ASML,2024-01-24,4.5,8.9,11.1,1
ASML,ASML,2024-04-17,6.0,-7.1,-8.3,1
ASML,ASML,2024-07-17,6.4,-12.7,-13.1,1
ASML,ASML,2024-10-15,6.3,-16.3,-17.7,1
ASML,ASML,2025-01-29,7.1,4.3,6.6,0
ASML,ASML,2025-04-16,6.5,-7.1,-8.6,1
ASML,ASML,2025-07-16,5.6,-8.3,-11.2,1
ASML,ASML,2025-10-15,7.3,2.7,5.1,0
ASML,ASML,2026-01-28,6.7,-2.2,-3.2,0
ASML,ASML,2026-07-15,7.3,2.2,3.1,0
ASO,ASO,2022-09-07,7.8,14.0,15.5,1
ASO,ASO,2022-12-07,9.2,15.4,16.8,1
ASO,ASO,2023-03-16,9.6,8.4,13.0,1
ASO,ASO,2023-06-06,11.0,1.8,4.0,0
ASO,ASO,2023-08-31,9.7,9.3,16.4,1
ASO,ASO,2023-11-30,10.4,0.7,-9.9,0
ASO,ASO,2024-03-21,8.7,-9.6,-13.2,1
ASO,ASO,2024-06-11,9.5,-3.2,-8.1,0
ASO,ASO,2024-09-10,9.9,5.2,7.2,0
ASO,ASO,2024-12-10,10.9,4.3,5.4,0
ASO,ASO,2025-03-20,8.2,-0.3,-3.0,0
ASO,ASO,2025-06-10,9.1,0.5,8.6,0
ASO,ASO,2025-09-02,8.6,-7.6,-9.3,1
ASO,ASO,2025-12-09,8.6,8.6,9.4,1
ASO,ASO,2026-03-17,8.0,-11.7,-12.3,1
ASO,ASO,2026-06-09,7.6,-2.5,10.6,1
ASO,ASO,2026-09-09,7.8,14.4,14.6,1
ASTS,AST SpaceMobile,2021-08-16,15.4,-8.9,-9.1,0
ASTS,AST SpaceMobile,2021-11-15,10.1,-0.4,-9.3,0
ASTS,AST SpaceMobile,2022-03-31,18.0,6.1,6.6,0
ASTS,AST SpaceMobile,2023-03-31,12.5,-20.9,-27.7,1
ASTS,AST SpaceMobile,2023-05-15,13.1,-0.8,6.6,0
ASTS,AST SpaceMobile,2023-08-14,21.1,-15.7,-16.1,0
ASTS,AST SpaceMobile,2023-11-14,19.9,23.6,31.0,1
ASTS,AST SpaceMobile,2024-04-01,16.7,-23.6,-25.1,1
ASTS,AST SpaceMobile,2024-05-15,24.7,68.6,74.1,1
ASTS,AST SpaceMobile,2024-08-14,20.1,50.7,61.4,1
ASTS,AST SpaceMobile,2024-11-14,21.4,-9.6,-19.7,0
ASTS,AST SpaceMobile,2025-03-03,19.6,11.7,19.8,1
ASTS,AST SpaceMobile,2025-05-12,14.4,-2.2,7.0,0
ASTS,AST SpaceMobile,2025-08-11,13.9,8.4,20.9,1
ASTS,AST SpaceMobile,2025-11-10,13.6,-1.2,4.1,0
ASTS,AST SpaceMobile,2026-03-02,14.1,6.6,12.3,0
AVAV,AVAV,2022-09-07,10.0,14.9,18.8,1
AVAV,AVAV,2022-12-06,10.8,-3.2,4.1,0
AVAV,AVAV,2023-03-06,9.6,4.2,9.7,1
AVAV,AVAV,2023-06-27,10.0,4.9,7.8,0
AVAV,AVAV,2023-09-05,7.3,20.7,30.5,1
AVAV,AVAV,2023-12-05,9.8,-10.2,-11.9,1
AVAV,AVAV,2024-03-04,11.6,27.9,31.4,1
AVAV,AVAV,2024-06-26,14.6,-7.7,-15.7,1
AVAV,AVAV,2024-09-04,12.3,-5.3,6.6,0
AVAV,AVAV,2024-12-04,13.3,-15.9,-17.6,1
AVAV,AVAV,2025-03-04,15.2,-4.4,-22.4,1
AVAV,AVAV,2025-06-24,13.2,21.6,29.3,1
AVAV,AVAV,2025-09-09,11.9,7.0,7.0,0
AVAV,AVAV,2025-12-09,11.7,-12.9,-13.7,1
AVAV,AVAV,2026-03-10,11.4,-6.2,-10.0,0
AVAV,AVAV,2026-06-29,13.5,18.8,28.4,1
AVGO,Broadcom,2022-09-01,4.4,1.7,5.7,1
AVGO,Broadcom,2022-12-08,3.9,2.6,4.1,1
AVGO,Broadcom,2023-03-02,3.6,5.7,6.2,1
AVGO,Broadcom,2023-06-01,8.4,2.8,4.3,0
AVGO,Broadcom,2023-08-31,4.6,-5.5,-6.3,1
AVGO,Broadcom,2023-12-07,3.5,2.4,3.1,0
AVGO,Broadcom,2024-03-07,9.0,-7.0,-7.5,0
AVGO,Broadcom,2024-06-12,6.5,12.3,16.1,1
AVGO,Broadcom,2024-09-05,6.1,-10.4,-10.6,1
AVGO,Broadcom,2024-12-12,7.4,24.4,26.6,1
AVGO,Broadcom,2025-03-06,9.2,8.6,8.9,0
AVGO,Broadcom,2025-06-05,6.6,-5.0,-5.3,0
AVGO,Broadcom,2025-09-04,5.7,9.4,16.4,1
AVGO,Broadcom,2025-12-11,6.6,-11.4,-12.6,1
AVGO,Broadcom,2026-03-04,7.6,4.8,5.9,0
AVGO,Broadcom,2026-06-03,8.7,-12.6,-15.9,1
AVGO,Broadcom,2026-09-02,8.0,-2.7,-6.8,0
AXP,American Express,2022-07-22,4.1,1.9,7.1,1
AXP,American Express,2022-10-21,4.0,-1.7,-7.2,1
AXP,American Express,2023-01-27,3.6,10.5,12.6,1
AXP,American Express,2023-04-20,3.8,-1.0,-6.6,1
AXP,American Express,2023-07-21,3.7,-3.9,-5.5,1
AXP,American Express,2023-10-20,3.9,-5.4,-5.5,1
AXP,American Express,2024-01-26,4.1,7.1,8.9,1
AXP,American Express,2024-04-19,5.0,6.2,6.5,1
AXP,American Express,2024-07-19,4.5,-2.7,-4.6,1
AXP,American Express,2024-10-18,4.9,-3.1,-5.9,1
AXP,American Express,2025-01-24,4.1,-1.4,-3.7,0
AXP,American Express,2025-04-17,4.7,-0.6,-2.3,0
AXP,American Express,2025-07-18,3.6,-2.3,-4.1,1
AXP,American Express,2025-10-17,3.9,7.3,7.9,1
AXP,American Express,2026-01-30,4.8,-1.8,-3.9,0
AXP,American Express,2026-04-23,3.8,-4.3,-5.5,1
AXP,American Express,2026-07-24,3.7,-4.3,-6.6,1
AYI,Acuity Brands Inc,2022-10-04,9.6,4.9,8.4,0
AYI,Acuity Brands Inc,2023-01-09,8.1,2.9,11.9,1
AYI,Acuity Brands Inc,2023-04-04,8.3,-11.0,-13.8,1
AYI,Acuity Brands Inc,2023-06-29,9.0,1.1,-3.7,0
AYI,Acuity Brands Inc,2023-10-04,8.2,6.9,7.9,0
AYI,Acuity Brands Inc,2024-01-09,6.8,11.5,11.6,1
AYI,Acuity Brands Inc,2024-04-03,8.1,1.1,4.2,0
AYI,Acuity Brands Inc,2024-06-27,7.9,1.1,5.4,0
AYI,Acuity Brands Inc,2024-10-01,9.7,8.7,10.0,1
AYI,Acuity Brands Inc,2025-01-08,7.6,3.2,3.2,0
AYI,Acuity Brands Inc,2025-04-03,9.2,-3.4,-8.4,0
AYI,Acuity Brands Inc,2025-06-26,8.2,5.8,7.9,0
AYI,Acuity Brands Inc,2025-10-01,8.6,5.4,9.1,1
AYI,Acuity Brands Inc,2026-01-08,7.9,-12.9,-15.6,1
AYI,Acuity Brands Inc,2026-04-02,9.2,-7.5,-7.7,0
AYI,Acuity Brands Inc,2026-06-25,10.0,17.6,22.7,1
AZO,AutoZone,2022-09-19,5.5,-3.1,-4.6,0
AZO,AutoZone,2022-12-06,4.5,-2.8,-5.5,1
AZO,AutoZone,2023-02-28,4.1,-3.3,-3.4,0
AZO,AutoZone,2023-06-09,1.9,2.2,2.6,1
AZO,AutoZone,2023-09-19,6.1,-1.9,-3.9,0
AZO,AutoZone,2023-12-05,4.6,0.3,1.5,0
AZO,AutoZone,2024-02-27,5.5,6.7,6.7,1
AZO,AutoZone,2024-05-21,5.8,-3.5,-4.3,0
AZO,AutoZone,2024-09-24,6.7,-0.2,-4.9,0
AZO,AutoZone,2024-12-10,5.8,0.7,2.8,0
AZO,AutoZone,2025-03-04,6.1,-0.1,2.5,0
AZO,AutoZone,2025-05-27,6.5,-3.4,-4.8,0
AZO,AutoZone,2025-09-23,5.9,0.0,-3.7,0
AZO,AutoZone,2025-12-09,5.3,-7.2,-8.1,1
AZO,AutoZone,2026-03-03,7.4,-6.3,-8.3,1
AZO,AutoZone,2026-05-26,7.8,-9.0,-11.9,1
AZO,AutoZone,2026-09-22,9.6,3.3,7.0,0
AZZ,AZZ Inc.,2022-07-11,6.7,2.4,4.5,0
AZZ,AZZ Inc.,2022-10-11,8.3,-22.1,-22.6,1
AZZ,AZZ Inc.,2023-01-09,8.6,6.6,8.9,1
AZZ,AZZ Inc.,2023-04-25,7.8,-4.3,-7.0,0
AZZ,AZZ Inc.,2023-07-07,7.4,1.9,-4.4,0
AZZ,AZZ Inc.,2023-10-10,7.1,5.7,9.6,1
AZZ,AZZ Inc.,2024-01-09,6.9,-0.4,10.8,1
AZZ,AZZ Inc.,2024-04-22,9.3,2.3,6.3,0
AZZ,AZZ Inc.,2024-07-10,8.3,6.1,-6.4,0
AZZ,AZZ Inc.,2024-10-09,7.8,-5.2,-8.6,1
AZZ,AZZ Inc.,2025-01-07,8.1,-1.9,-4.1,0
AZZ,AZZ Inc.,2025-04-21,10.7,3.1,-4.7,0
AZZ,AZZ Inc.,2025-07-09,8.0,5.3,12.5,1
AZZ,AZZ Inc.,2025-10-08,8.2,-4.9,-12.2,1
AZZ,AZZ Inc.,2026-01-07,6.8,6.6,9.3,1
AZZ,AZZ Inc.,2026-04-22,7.4,8.7,9.2,1
BA,Boeing,2022-07-27,5.6,0.1,4.4,0
BA,Boeing,2022-10-26,4.9,-8.8,-9.8,1
BA,Boeing,2023-01-25,4.5,0.3,-4.2,0
BA,Boeing,2023-04-26,4.2,0.4,4.7,1
BA,Boeing,2023-07-26,4.4,8.7,8.9,1
BA,Boeing,2023-10-25,5.0,-2.5,-3.4,0
BA,Boeing,2024-01-31,4.7,5.3,6.7,1
BA,Boeing,2024-04-24,5.0,-2.9,5.0,1
BA,Boeing,2024-07-31,5.2,2.0,5.4,1
BA,Boeing,2024-10-23,5.5,-1.8,-4.0,0
BA,Boeing,2025-01-28,4.8,1.5,7.6,1
BA,Boeing,2025-04-23,5.9,6.1,8.7,1
BA,Boeing,2025-07-29,4.7,-4.4,-4.7,1
BA,Boeing,2025-10-29,4.7,-4.4,-4.8,1
BA,Boeing,2026-01-27,4.7,-1.6,-3.9,0
BA,Boeing,2026-04-22,4.7,5.5,6.1,1
BA,Boeing,2026-07-28,5.4,4.8,5.8,1
BABA,Alibaba,2022-05-26,8.8,14.8,15.5,1
BABA,Alibaba,2022-08-04,7.5,1.8,7.6,1
BABA,Alibaba,2022-11-17,8.5,7.8,9.6,1
BABA,Alibaba,2023-02-23,5.9,-0.7,6.0,1
BABA,Alibaba,2023-05-18,5.9,-5.4,-6.3,1
BABA,Alibaba,2023-08-10,6.6,4.6,7.4,1
BABA,Alibaba,2023-11-16,5.2,-9.1,-10.2,1
BABA,Alibaba,2024-02-07,7.3,-5.9,-6.5,0
BABA,Alibaba,2024-05-14,7.3,-6.0,-8.1,1
BABA,Alibaba,2024-08-15,5.3,0.1,3.0,0
BABA,Alibaba,2024-11-15,5.6,-2.2,-3.7,0
BABA,Alibaba,2025-02-20,6.9,8.1,14.9,1
BABA,Alibaba,2025-05-15,6.0,-7.6,-8.5,1
BABA,Alibaba,2025-08-29,5.8,12.9,14.3,1
BABA,Alibaba,2025-11-25,6.8,-2.3,3.5,0
BABA,Alibaba,2026-03-19,5.5,-7.1,-9.9,1
BABA,Alibaba,2026-08-20,6.6,1.3,-5.4,0
BAC,Bank of America,2022-10-17,5.4,6.1,6.8,1
BAC,Bank of America,2023-01-13,3.9,2.2,-4.0,1
BAC,Bank of America,2023-04-18,4.7,0.6,-1.9,0
BAC,Bank of America,2023-07-18,4.0,4.4,5.0,1
BAC,Bank of America,2023-10-17,4.4,2.3,3.3,0
BAC,Bank of America,2024-01-12,3.3,-1.1,-3.6,1
BAC,Bank of America,2024-04-16,3.9,-3.5,-5.0,1
BAC,Bank of America,2024-07-16,3.6,5.3,6.0,1
BAC,Bank of America,2024-10-15,3.9,0.5,3.5,0
BAC,Bank of America,2025-01-16,3.5,-1.0,-2.7,0
BAC,Bank of America,2025-04-15,4.7,3.6,5.7,1
BAC,Bank of America,2025-07-16,3.7,-0.3,-2.5,0
BAC,Bank of America,2025-10-15,4.0,4.4,5.5,1
BAC,Bank of America,2026-01-14,3.2,-3.8,-5.3,1
BAC,Bank of America,2026-04-15,3.1,1.8,3.8,1
BAC,Bank of America,2026-07-14,3.5,1.9,2.9,0
BB,BlackBerry,2022-06-23,9.7,7.1,7.3,0
BB,BlackBerry,2022-09-27,9.8,-2.0,-5.5,0
BB,BlackBerry,2022-12-20,11.8,-9.6,-12.3,1
BB,BlackBerry,2023-03-30,11.0,14.0,17.5,1
BB,BlackBerry,2023-06-28,12.2,7.0,13.8,1
BB,BlackBerry,2023-09-28,11.1,-1.1,-4.2,0
BB,BlackBerry,2023-12-20,10.5,-12.7,-14.1,1
BB,BlackBerry,2024-04-03,17.1,2.5,10.7,0
BB,BlackBerry,2024-06-26,13.6,10.9,16.7,1
BB,BlackBerry,2024-09-26,11.8,-0.8,-10.2,0
BB,BlackBerry,2024-12-19,12.4,23.8,24.2,1
BB,BlackBerry,2025-04-02,14.5,-9.1,-21.2,1
BB,BlackBerry,2025-06-24,14.3,12.5,22.9,1
BB,BlackBerry,2025-09-25,13.8,8.9,9.1,0
BB,BlackBerry,2025-12-18,10.6,-12.9,-14.3,1
BB,BlackBerry,2026-04-09,8.8,8.2,14.4,1
BB,BlackBerry,2026-06-25,15.4,20.0,23.8,1
BIDU,Baidu Inc,2022-08-30,6.9,-6.5,-8.6,1
BIDU,Baidu Inc,2022-11-22,7.7,0.5,3.6,0
BIDU,Baidu Inc,2023-02-22,7.0,-2.6,7.4,1
BIDU,Baidu Inc,2023-05-16,7.0,4.0,5.4,0
BIDU,Baidu Inc,2023-08-22,6.2,2.8,4.9,0
BIDU,Baidu Inc,2023-11-21,5.7,1.9,4.3,0
BIDU,Baidu Inc,2024-02-28,7.4,-8.1,-8.1,1
BIDU,Baidu Inc,2024-05-16,5.4,1.7,-5.5,1
BIDU,Baidu Inc,2024-08-22,6.2,-4.4,-5.4,0
BIDU,Baidu Inc,2024-11-21,5.7,-5.9,-7.5,1
BIDU,Baidu Inc,2025-02-18,7.8,-7.5,-8.2,1
BIDU,Baidu Inc,2025-05-21,5.8,-4.3,6.5,1
BIDU,Baidu Inc,2025-08-20,5.4,-2.6,-4.8,0
BIDU,Baidu Inc,2025-11-18,7.2,2.7,-5.3,0
BIDU,Baidu Inc,2026-02-26,6.1,-5.7,-7.3,1
BIDU,Baidu Inc,2026-05-18,7.9,1.8,5.9,0
BIDU,Baidu Inc,2026-08-18,7.0,-12.7,-13.9,1
BKNG,Booking Holdings,2022-05-04,6.8,3.3,9.7,1
BKNG,Booking Holdings,2022-08-03,6.6,-1.0,-4.6,0
BKNG,Booking Holdings,2022-11-02,6.7,2.7,7.0,1
BKNG,Booking Holdings,2023-02-23,4.7,1.1,2.6,0
BKNG,Booking Holdings,2023-05-04,3.7,-1.3,-3.0,0
BKNG,Booking Holdings,2023-08-03,3.9,7.9,11.5,1
BKNG,Booking Holdings,2023-11-02,4.3,0.7,-2.7,0
BKNG,Booking Holdings,2024-02-22,4.6,-10.1,-10.5,1
BKNG,Booking Holdings,2024-05-02,4.8,3.0,7.9,1
BKNG,Booking Holdings,2024-08-01,5.8,-9.2,-10.2,1
BKNG,Booking Holdings,2024-10-30,5.2,4.8,8.8,1
BKNG,Booking Holdings,2025-02-20,6.3,-0.5,5.3,0
BKNG,Booking Holdings,2025-04-29,5.7,3.9,4.2,0
BKNG,Booking Holdings,2025-07-29,4.7,0.4,-2.8,0
BKNG,Booking Holdings,2025-10-28,6.2,-0.9,-3.8,0
BKNG,Booking Holdings,2026-02-18,5.8,-6.1,-9.3,1
BLK,BlackRock,2022-10-13,5.9,6.6,6.7,1
BLK,BlackRock,2023-01-13,3.6,0.0,-2.5,0
BLK,BlackRock,2023-04-14,3.1,3.1,5.0,1
BLK,BlackRock,2023-07-14,2.9,-1.6,-2.4,0
BLK,BlackRock,2023-10-13,3.2,-1.3,-2.5,0
BLK,BlackRock,2024-01-12,2.6,0.9,-1.2,0
BLK,BlackRock,2024-04-12,3.0,-2.9,-3.0,1
BLK,BlackRock,2024-07-15,3.3,-0.6,-1.2,0
BLK,BlackRock,2024-10-11,1.9,3.6,4.3,1
BLK,BlackRock,2025-01-15,3.1,5.2,6.5,1
BLK,BlackRock,2025-04-11,4.7,2.3,3.5,0
BLK,BlackRock,2025-07-15,3.4,-5.9,-7.0,1
BLK,BlackRock,2025-10-14,3.8,3.4,4.7,1
BLK,BlackRock,2026-01-15,3.6,5.9,6.5,1
BLK,BlackRock,2026-04-14,4.1,3.0,4.9,1
BLK,BlackRock,2026-07-15,4.3,6.6,8.2,1
BMO,Bank of Montreal,2022-08-30,4.7,-3.2,-3.3,0
BMO,Bank of Montreal,2022-12-01,4.6,1.2,1.4,0
BMO,Bank of Montreal,2023-02-28,4.1,-1.7,-2.3,0
BMO,Bank of Montreal,2023-05-24,5.5,-4.6,-4.6,0
BMO,Bank of Montreal,2023-08-29,3.8,0.5,-2.8,0
BMO,Bank of Montreal,2023-12-01,4.7,2.3,2.6,0
BMO,Bank of Montreal,2024-02-27,3.6,-3.7,-5.7,1
BMO,Bank of Montreal,2024-05-29,3.9,-9.5,-9.7,1
BMO,Bank of Montreal,2024-08-27,4.4,-6.2,-6.9,1
BMO,Bank of Montreal,2024-12-05,4.4,4.5,5.0,1
BMO,Bank of Montreal,2025-02-25,4.9,4.4,6.2,1
BMO,Bank of Montreal,2025-05-28,4.5,1.4,3.4,0
BMO,Bank of Montreal,2025-08-26,4.5,4.9,5.0,1
BMO,Bank of Montreal,2025-12-04,4.2,-0.1,-3.0,0
BMO,Bank of Montreal,2026-02-25,5.5,4.1,4.7,0
BMO,Bank of Montreal,2026-05-27,4.7,0.8,1.0,0
BNS,Bank of Nova Scotia,2022-08-23,4.5,-2.1,-2.9,0
BNS,Bank of Nova Scotia,2022-11-29,4.9,1.8,1.9,0
BNS,Bank of Nova Scotia,2023-02-28,3.7,1.7,1.8,0
BNS,Bank of Nova Scotia,2023-05-24,4.6,1.4,1.7,0
BNS,Bank of Nova Scotia,2023-08-29,5.4,0.1,0.9,0
BNS,Bank of Nova Scotia,2023-11-28,6.9,3.6,4.1,0
BNS,Bank of Nova Scotia,2024-02-27,3.5,-1.5,-1.8,0
BNS,Bank of Nova Scotia,2024-05-28,4.5,-2.9,-2.9,0
BNS,Bank of Nova Scotia,2024-08-27,2.9,-2.1,-2.4,0
BNS,Bank of Nova Scotia,2024-12-03,2.8,1.0,1.3,0
BNS,Bank of Nova Scotia,2025-02-25,4.2,1.0,1.8,0
BNS,Bank of Nova Scotia,2025-05-27,2.9,-1.0,-1.4,0
BNS,Bank of Nova Scotia,2025-08-26,3.8,0.5,1.5,0
BNS,Bank of Nova Scotia,2025-12-02,2.8,-0.3,-1.2,0
BNS,Bank of Nova Scotia,2026-02-24,5.1,-0.7,1.4,0
BNS,Bank of Nova Scotia,2026-05-27,4.8,0.3,2.3,0
BNS,Bank of Nova Scotia,2026-08-25,4.5,7.2,7.6,1
C,Citigroup,2022-10-14,5.4,0.7,3.4,0
C,Citigroup,2023-01-13,3.8,1.7,-2.8,0
C,Citigroup,2023-04-14,3.9,4.8,5.5,1
C,Citigroup,2023-07-14,3.5,-4.0,-4.2,1
C,Citigroup,2023-10-12,3.6,-0.2,4.3,1
C,Citigroup,2024-01-12,4.0,1.0,3.4,0
C,Citigroup,2024-04-12,3.7,-1.7,-3.2,0
C,Citigroup,2024-07-12,3.2,-1.8,-3.6,1
C,Citigroup,2024-10-15,3.8,-5.1,-5.3,1
C,Citigroup,2025-01-15,4.1,6.5,7.8,1
C,Citigroup,2025-04-15,4.9,1.8,4.9,1
C,Citigroup,2025-07-15,4.2,3.7,4.9,1
C,Citigroup,2025-10-14,4.8,3.9,5.3,1
C,Citigroup,2026-01-14,3.9,-3.3,-5.0,1
C,Citigroup,2026-04-14,3.7,2.6,3.7,1
C,Citigroup,2026-07-14,4.2,-5.3,-6.1,1
CAG,ConAgra Brands,2022-10-06,4.0,-3.7,-4.4,1
CAG,ConAgra Brands,2023-01-05,4.6,3.4,5.5,1
CAG,ConAgra Brands,2023-04-05,5.1,1.8,3.6,0
CAG,ConAgra Brands,2023-07-13,4.1,0.5,1.9,0
CAG,ConAgra Brands,2023-10-05,5.3,-2.0,-2.9,0
CAG,ConAgra Brands,2024-01-04,4.0,-1.9,-3.7,0
CAG,ConAgra Brands,2024-04-04,3.6,5.4,8.0,1
CAG,ConAgra Brands,2024-07-11,5.7,-1.5,-4.7,0
CAG,ConAgra Brands,2024-10-02,3.5,-8.1,-10.2,1
CAG,ConAgra Brands,2024-12-19,4.6,-2.0,-3.7,0
CAG,ConAgra Brands,2025-04-03,4.7,1.5,4.8,1
CAG,ConAgra Brands,2025-07-10,5.4,-4.4,-7.7,1
CAG,ConAgra Brands,2025-10-01,5.3,5.4,5.7,1
CAG,ConAgra Brands,2025-12-19,4.3,-2.5,-4.2,0
CAG,ConAgra Brands,2026-04-01,5.2,-1.3,-4.1,0
CAG,ConAgra Brands,2026-07-15,6.4,-0.4,-4.1,0
CALM,Cal-Maine Foods,2022-09-27,9.8,-0.3,-4.1,0
CALM,Cal-Maine Foods,2022-12-28,9.0,-14.5,-15.9,1
CALM,Cal-Maine Foods,2023-03-28,8.6,6.8,11.6,1
CALM,Cal-Maine Foods,2023-07-25,8.3,0.7,5.4,0
CALM,Cal-Maine Foods,2023-10-03,7.9,-7.3,-11.1,1
CALM,Cal-Maine Foods,2024-01-03,8.6,2.6,4.7,0
CALM,Cal-Maine Foods,2024-04-02,9.0,3.6,7.2,0
CALM,Cal-Maine Foods,2024-07-23,7.5,3.1,7.1,0
CALM,Cal-Maine Foods,2024-10-01,7.8,-1.9,-3.7,0
CALM,Cal-Maine Foods,2025-01-07,7.5,1.0,8.5,1
CALM,Cal-Maine Foods,2025-04-08,11.7,2.5,-8.0,0
CALM,Cal-Maine Foods,2025-07-22,9.0,13.8,20.7,1
CALM,Cal-Maine Foods,2025-10-01,8.2,-1.2,-7.9,0
CALM,Cal-Maine Foods,2026-01-07,7.1,-1.6,-5.5,0
CALM,Cal-Maine Foods,2026-04-01,8.4,5.3,7.4,0
CALM,Cal-Maine Foods,2026-07-22,9.6,0.7,-7.6,0
CASY,Caseys General Stores Inc,2022-09-07,6.1,-0.7,-3.5,0
CASY,Caseys General Stores Inc,2022-12-06,6.3,7.4,8.0,1
CASY,Caseys General Stores Inc,2023-03-07,5.3,3.9,5.7,1
CASY,Caseys General Stores Inc,2023-06-06,6.5,-2.9,-5.2,0
CASY,Caseys General Stores Inc,2023-09-11,5.1,11.2,11.9,1
CASY,Caseys General Stores Inc,2023-12-11,6.2,-0.4,3.9,0
CASY,Caseys General Stores Inc,2024-03-11,6.3,-1.6,-2.5,0
CASY,Caseys General Stores Inc,2024-06-11,5.7,16.7,19.3,1
CASY,Caseys General Stores Inc,2024-09-04,8.4,7.4,7.8,0
CASY,Caseys General Stores Inc,2024-12-09,7.6,-0.3,-2.8,0
CASY,Caseys General Stores Inc,2025-03-11,8.4,6.2,8.8,1
CASY,Caseys General Stores Inc,2025-06-09,7.9,11.6,15.9,1
CASY,Caseys General Stores Inc,2025-09-08,8.6,3.8,4.2,0
CASY,Caseys General Stores Inc,2025-12-09,7.4,-5.3,-5.9,0
CASY,Caseys General Stores Inc,2026-03-09,7.5,3.8,4.4,0
CASY,Caseys General Stores Inc,2026-06-09,8.4,20.3,20.5,1
CASY,Caseys General Stores Inc,2026-09-08,9.2,-14.2,-18.9,1
CAVA,CAVA Group,2023-08-15,13.1,1.2,10.3,0
CAVA,CAVA Group,2023-11-07,12.5,-7.7,-10.1,0
CAVA,CAVA Group,2024-02-26,12.4,12.2,15.3,1
CAVA,CAVA Group,2024-05-28,13.0,7.0,-9.9,0
CAVA,CAVA Group,2024-08-22,11.4,19.6,23.4,1
CAVA,CAVA Group,2024-11-12,12.1,1.6,18.9,1
CAVA,CAVA Group,2025-02-25,13.8,-0.3,-4.8,0
CAVA,CAVA Group,2025-05-15,9.8,-2.3,-6.1,0
CAVA,CAVA Group,2025-08-12,12.8,-16.6,-22.2,1
CAVA,CAVA Group,2025-11-04,14.6,-2.6,5.5,0
CAVA,CAVA Group,2026-02-24,12.5,26.4,27.6,1
CAVA,CAVA Group,2026-05-19,13.3,3.1,13.8,1
CAVA,CAVA Group,2026-08-11,12.7,14.2,17.9,1
CBRL,Cracker Barrel Old Country Store,2022-09-27,11.2,-0.6,6.4,0
CBRL,Cracker Barrel Old Country Store,2022-12-02,7.6,-12.9,-13.6,1
CBRL,Cracker Barrel Old Country Store,2023-02-28,8.1,1.1,8.3,1
CBRL,Cracker Barrel Old Country Store,2023-06-06,8.0,-4.6,-6.1,0
CBRL,Cracker Barrel Old Country Store,2023-09-13,7.0,-3.0,5.6,0
CBRL,Cracker Barrel Old Country Store,2023-11-30,8.1,-10.6,-11.5,1
CBRL,Cracker Barrel Old Country Store,2024-02-27,9.4,-3.1,-4.2,0
CBRL,Cracker Barrel Old Country Store,2024-05-30,10.0,6.1,6.5,0
CBRL,Cracker Barrel Old Country Store,2024-09-19,9.0,-1.1,8.9,0
CBRL,Cracker Barrel Old Country Store,2024-12-04,10.4,-1.8,6.3,0
CBRL,Cracker Barrel Old Country Store,2025-03-06,13.0,7.6,26.7,1
CBRL,Cracker Barrel Old Country Store,2025-06-05,11.3,-7.2,-7.9,0
CBRL,Cracker Barrel Old Country Store,2025-09-17,9.3,-7.6,-8.5,0
CBRL,Cracker Barrel Old Country Store,2025-12-09,12.9,3.5,-6.5,0
CBRL,Cracker Barrel Old Country Store,2026-03-04,15.0,1.5,13.8,0
CBRL,Cracker Barrel Old Country Store,2026-06-09,12.6,22.6,34.7,1
CCL,Carnival Corp,2022-09-30,9.5,-23.3,-23.5,1
CCL,Carnival Corp,2022-12-21,11.7,4.7,8.5,0
CCL,Carnival Corp,2023-03-27,13.1,-4.8,-6.0,0
CCL,Carnival Corp,2023-06-26,11.5,-7.6,-12.0,1
CCL,Carnival Corp,2023-09-29,8.7,-5.0,-8.3,0
CCL,Carnival Corp,2023-12-21,8.0,6.2,7.9,0
CCL,Carnival Corp,2024-03-27,9.3,0.9,-5.0,0
CCL,Carnival Corp,2024-06-25,8.1,8.7,9.9,1
CCL,Carnival Corp,2024-09-30,8.7,-0.3,-6.5,0
CCL,Carnival Corp,2024-12-20,7.2,6.4,7.8,1
CCL,Carnival Corp,2025-03-21,6.4,-1.2,-6.5,1
CCL,Carnival Corp,2025-06-24,6.4,6.9,10.3,1
CCL,Carnival Corp,2025-09-29,7.4,-4.0,6.1,0
CCL,Carnival Corp,2025-12-19,8.1,9.8,11.1,1
CCL,Carnival Corp,2026-03-27,6.9,-4.3,-6.4,0
CCL,Carnival Corp,2026-06-23,7.2,-4.9,-10.6,1
CFG,Citizens Financial Group Inc,2022-07-19,9.6,1.9,3.5,0
CFG,Citizens Financial Group Inc,2022-10-19,5.1,-0.6,4.0,0
CFG,Citizens Financial Group Inc,2023-01-17,4.4,-2.2,-3.0,0
CFG,Citizens Financial Group Inc,2023-04-19,5.1,0.2,-4.9,0
CFG,Citizens Financial Group Inc,2023-07-19,6.2,6.4,8.6,1
CFG,Citizens Financial Group Inc,2023-10-18,4.8,-5.6,-6.9,1
CFG,Citizens Financial Group Inc,2024-01-17,6.1,1.7,3.0,0
CFG,Citizens Financial Group Inc,2024-04-17,4.9,1.9,4.0,0
CFG,Citizens Financial Group Inc,2024-07-17,4.5,3.3,4.5,1
CFG,Citizens Financial Group Inc,2024-10-16,4.3,-2.5,-4.7,1
CFG,Citizens Financial Group Inc,2025-01-17,4.1,1.6,3.2,0
CFG,Citizens Financial Group Inc,2025-04-16,5.0,-1.8,-3.4,0
CFG,Citizens Financial Group Inc,2025-07-17,3.6,3.9,5.2,1
CFG,Citizens Financial Group Inc,2025-10-15,4.4,-0.2,2.9,0
CFG,Citizens Financial Group Inc,2026-01-21,7.3,7.1,7.5,1
CFG,Citizens Financial Group Inc,2026-04-16,4.0,-1.2,-1.9,0
CFG,Citizens Financial Group Inc,2026-07-16,4.1,4.6,5.0,1
CHTR,Charter Communications Inc New,2022-07-29,4.9,-0.8,-2.4,0
CHTR,Charter Communications Inc New,2022-10-28,6.4,3.7,6.1,0
CHTR,Charter Communications Inc New,2023-01-27,4.0,-3.9,-4.0,1
CHTR,Charter Communications Inc New,2023-04-28,5.7,7.6,8.4,1
CHTR,Charter Communications Inc New,2023-07-28,4.7,-1.0,-3.1,0
CHTR,Charter Communications Inc New,2023-10-27,4.7,-9.6,-10.4,1
CHTR,Charter Communications Inc New,2024-02-02,6.0,-16.5,-17.2,1
CHTR,Charter Communications Inc New,2024-04-26,8.5,-1.7,-8.9,1
CHTR,Charter Communications Inc New,2024-07-26,9.0,16.6,19.9,1
CHTR,Charter Communications Inc New,2024-11-01,9.1,11.9,16.7,1
CHTR,Charter Communications Inc New,2025-01-31,8.9,2.6,7.2,0
CHTR,Charter Communications Inc New,2025-04-25,8.5,11.4,11.6,1
CHTR,Charter Communications Inc New,2025-07-25,9.1,-18.5,-19.1,1
CHTR,Charter Communications Inc New,2026-01-30,11.1,7.6,12.2,1
CHTR,Charter Communications Inc New,2026-04-24,8.8,-25.5,-26.4,1
CHTR,Charter Communications Inc New,2026-07-24,14.4,-2.5,-11.8,0
CHWY,CHWY,2022-06-01,15.1,24.2,25.5,1
CHWY,CHWY,2022-08-30,13.9,-8.2,-10.3,0
CHWY,CHWY,2022-12-08,12.5,4.0,8.3,0
CHWY,CHWY,2023-03-22,10.9,-7.5,-10.5,0
CHWY,CHWY,2023-05-31,13.2,21.6,27.1,1
CHWY,CHWY,2023-08-30,14.6,-12.3,-15.7,1
CHWY,CHWY,2023-12-06,15.1,-0.6,-12.9,0
CHWY,CHWY,2024-03-20,14.5,-10.3,-10.3,0
CHWY,CHWY,2024-05-29,11.6,27.1,30.4,1
CHWY,CHWY,2024-08-28,16.0,11.1,18.4,1
CHWY,CHWY,2024-12-04,12.2,-0.4,-11.1,0
CHWY,CHWY,2025-03-26,9.9,-1.1,5.3,0
CHWY,CHWY,2025-06-11,9.6,-11.0,-13.5,1
CHWY,CHWY,2025-09-10,11.0,-16.6,-18.2,1
CHWY,CHWY,2025-12-10,10.2,1.5,7.2,0
CHWY,CHWY,2026-03-25,11.7,13.3,16.8,1
CHWY,CHWY,2026-06-10,12.0,-2.1,-6.5,0
CHWY,CHWY,2026-09-09,10.7,-10.8,-12.5,1
CIEN,Ciena Corporation,2022-09-01,10.4,-10.4,-11.6,1
CIEN,Ciena Corporation,2022-12-08,11.1,20.0,21.3,1
CIEN,Ciena Corporation,2023-03-06,9.4,3.7,10.5,1
CIEN,Ciena Corporation,2023-06-06,10.5,-10.8,-12.7,1
CIEN,Ciena Corporation,2023-08-31,10.2,15.8,16.4,1
CIEN,Ciena Corporation,2023-12-07,9.4,1.2,5.7,0
CIEN,Ciena Corporation,2024-03-07,12.7,-14.7,-17.3,1
CIEN,Ciena Corporation,2024-06-06,11.0,0.7,11.1,1
CIEN,Ciena Corporation,2024-09-04,9.9,-0.8,7.0,0
CIEN,Ciena Corporation,2024-12-12,10.1,15.4,21.9,1
CIEN,Ciena Corporation,2025-03-11,15.0,-2.4,-9.5,0
CIEN,Ciena Corporation,2025-06-05,13.1,-12.9,-15.6,1
CIEN,Ciena Corporation,2025-09-04,13.3,23.3,28.7,1
CIEN,Ciena Corporation,2025-12-11,12.8,9.2,11.8,0
CIEN,Ciena Corporation,2026-03-05,13.5,-12.9,-19.0,1
CIEN,Ciena Corporation,2026-06-04,14.0,-13.7,-20.9,1
CIEN,Ciena Corporation,2026-09-03,11.2,-10.4,-12.0,1
CM,Canadian Imperial Bank of Commerce,2022-08-25,4.9,-1.6,-1.6,0
CM,Canadian Imperial Bank of Commerce,2022-12-01,4.4,-0.9,-2.0,0
CM,Canadian Imperial Bank of Commerce,2023-02-24,4.3,0.0,1.4,0
CM,Canadian Imperial Bank of Commerce,2023-05-25,5.8,1.5,1.5,0
CM,Canadian Imperial Bank of Commerce,2023-08-31,2.3,0.5,0.8,0
CM,Canadian Imperial Bank of Commerce,2023-11-30,2.6,1.5,1.8,0
CM,Canadian Imperial Bank of Commerce,2024-02-29,3.0,2.5,2.9,0
CM,Canadian Imperial Bank of Commerce,2024-05-30,3.3,-2.1,-4.1,1
CM,Canadian Imperial Bank of Commerce,2024-08-29,3.0,1.6,2.8,0
CM,Canadian Imperial Bank of Commerce,2024-12-05,3.3,0.1,-0.9,0
CM,Canadian Imperial Bank of Commerce,2025-02-27,4.8,1.1,-1.3,0
CM,Canadian Imperial Bank of Commerce,2025-05-29,3.9,0.1,-0.9,0
CM,Canadian Imperial Bank of Commerce,2025-08-28,2.8,0.4,-0.6,0
CM,Canadian Imperial Bank of Commerce,2025-12-04,2.5,0.6,1.0,0
CM,Canadian Imperial Bank of Commerce,2026-02-26,5.0,3.0,4.2,0
CM,Canadian Imperial Bank of Commerce,2026-05-28,5.1,-5.1,-5.5,1
CM,Canadian Imperial Bank of Commerce,2026-08-27,5.0,-2.8,-4.9,0
CMC,Commercial Metals Company,2022-06-16,5.8,-4.9,6.2,1
CMC,Commercial Metals Company,2022-10-13,7.8,6.1,6.7,0
CMC,Commercial Metals Company,2023-01-09,7.0,-0.6,3.3,0
CMC,Commercial Metals Company,2023-03-23,10.3,3.1,7.7,0
CMC,Commercial Metals Company,2023-06-22,7.8,8.8,8.9,1
CMC,Commercial Metals Company,2023-10-12,6.5,-9.6,-12.0,1
CMC,Commercial Metals Company,2024-01-08,6.4,7.5,8.1,1
CMC,Commercial Metals Company,2024-03-21,8.2,5.3,6.8,0
CMC,Commercial Metals Company,2024-06-20,5.2,3.8,6.6,1
CMC,Commercial Metals Company,2024-10-17,5.5,5.1,6.5,1
CMC,Commercial Metals Company,2025-01-06,7.1,3.1,5.8,0
CMC,Commercial Metals Company,2025-03-20,5.6,1.1,-3.7,0
CMC,Commercial Metals Company,2025-06-23,10.6,1.2,-3.3,0
CMC,Commercial Metals Company,2025-10-16,7.6,-7.3,-11.1,1
CMC,Commercial Metals Company,2026-01-08,6.9,-3.6,-5.1,0
CMC,Commercial Metals Company,2026-03-26,9.7,-4.7,-7.8,0
CMC,Commercial Metals Company,2026-06-25,9.4,3.9,4.4,0
COF,Capital One Financial,2022-10-27,5.7,4.9,5.2,0
COF,Capital One Financial,2023-01-24,5.4,9.0,9.5,1
COF,Capital One Financial,2023-04-27,5.9,1.4,-4.2,0
COF,Capital One Financial,2023-07-20,4.6,0.5,3.2,0
COF,Capital One Financial,2023-10-26,4.8,9.2,11.5,1
COF,Capital One Financial,2024-01-25,5.7,4.7,5.2,0
COF,Capital One Financial,2024-04-25,3.5,0.2,2.1,0
COF,Capital One Financial,2024-07-23,4.5,0.6,-3.4,0
COF,Capital One Financial,2024-10-24,4.7,5.2,9.6,1
COF,Capital One Financial,2025-01-21,5.0,4.0,4.6,0
COF,Capital One Financial,2025-04-22,7.3,3.7,8.4,1
COF,Capital One Financial,2025-07-22,4.2,0.9,6.9,1
COF,Capital One Financial,2025-10-21,5.5,1.5,5.2,0
COF,Capital One Financial,2026-01-22,3.8,-7.6,-7.8,1
COF,Capital One Financial,2026-04-21,5.1,-1.5,-2.2,0
COF,Capital One Financial,2026-07-21,5.0,-2.4,-3.6,0
COHR,Coherent,2022-05-10,2.8,0.7,1.1,0
COHR,Coherent,2022-11-09,11.9,7.5,16.9,1
COHR,Coherent,2023-02-08,10.5,-2.7,-4.8,0
COHR,Coherent,2023-05-10,12.2,-5.0,-17.6,1
COHR,Coherent,2023-08-16,16.3,-29.9,-37.0,1
COHR,Coherent,2023-11-06,10.5,0.0,3.3,0
COHR,Coherent,2024-02-05,12.1,17.4,21.1,1
COHR,Coherent,2024-05-06,13.6,-4.5,-5.6,0
COHR,Coherent,2024-08-15,11.8,7.5,9.4,0
COHR,Coherent,2024-11-06,11.4,10.1,10.9,0
COHR,Coherent,2025-02-05,13.9,11.5,19.2,1
COHR,Coherent,2025-05-07,9.4,1.4,4.7,0
COHR,Coherent,2025-08-13,10.3,-19.6,-24.1,1
COHR,Coherent,2025-11-05,12.6,18.3,20.7,1
COHR,Coherent,2026-02-04,14.4,-0.8,-16.9,1
COHR,Coherent,2026-05-06,11.7,-7.4,-10.6,0
COHR,Coherent,2026-08-12,10.7,-8.0,-8.5,0
COIN,Coinbase,2022-08-09,18.6,7.4,8.3,0
COIN,Coinbase,2022-11-03,14.4,5.4,13.7,0
COIN,Coinbase,2023-02-21,16.0,-1.4,8.7,0
COIN,Coinbase,2023-05-04,11.4,18.3,19.0,1
COIN,Coinbase,2023-08-03,9.9,-3.8,-4.5,0
COIN,Coinbase,2023-11-02,7.3,1.4,4.4,0
COIN,Coinbase,2024-02-15,11.2,8.8,16.9,1
COIN,Coinbase,2024-05-02,11.2,-2.4,-5.4,0
COIN,Coinbase,2024-08-01,8.1,-3.9,-6.2,0
COIN,Coinbase,2024-10-30,8.6,-15.3,-15.5,1
COIN,Coinbase,2025-02-13,9.3,-8.0,-8.1,0
COIN,Coinbase,2025-05-08,6.4,-3.5,-3.7,0
COIN,Coinbase,2025-07-31,6.4,-16.7,-17.8,1
COIN,Coinbase,2025-10-30,6.7,4.6,10.0,1
COIN,Coinbase,2026-02-12,8.4,16.5,18.8,1
COIN,Coinbase,2026-05-07,7.5,4.2,-5.3,0
COIN,Coinbase,2026-07-30,7.3,-10.6,-15.0,1
COO,COO,2022-08-31,7.3,4.4,4.7,0
COO,COO,2022-12-08,6.0,-3.1,-4.5,0
COO,COO,2023-03-02,6.7,7.3,8.5,1
COO,COO,2023-06-01,6.0,-4.7,-4.8,0
COO,COO,2023-08-30,5.5,-2.9,-3.2,0
COO,COO,2023-12-07,5.7,-2.9,-4.1,0
COO,COO,2024-02-29,6.3,9.2,9.6,1
COO,COO,2024-05-30,7.0,4.5,6.5,0
COO,COO,2024-08-28,7.6,11.8,12.7,1
COO,COO,2024-12-05,7.4,-4.4,-5.8,0
COO,COO,2025-03-06,7.5,-6.6,-9.2,1
COO,COO,2025-05-29,8.7,-14.6,-17.5,1
COO,COO,2025-08-27,8.7,-12.9,-16.6,1
COO,COO,2025-12-04,9.8,5.7,16.6,1
COO,COO,2026-03-05,9.7,-4.6,-6.5,0
COO,COO,2026-06-04,10.6,8.6,9.0,0
COO,COO,2026-09-09,13.1,-14.7,-19.6,1
COST,Costco,2022-10-05,2.5,-1.2,-2.3,0
COST,Costco,2022-12-08,3.7,0.3,-2.3,0
COST,Costco,2023-03-02,3.3,-2.1,-4.2,1
COST,Costco,2023-06-01,1.8,0.2,-1.8,1
COST,Costco,2023-09-26,3.2,1.9,2.4,0
COST,Costco,2023-12-14,3.2,4.4,4.9,1
COST,Costco,2024-03-07,5.7,-7.6,-7.7,1
COST,Costco,2024-06-06,1.3,1.0,1.8,1
COST,Costco,2024-09-26,4.1,-1.8,-3.0,0
COST,Costco,2024-12-12,3.3,0.1,-2.3,0
COST,Costco,2025-03-06,4.1,-6.1,-8.2,1
COST,Costco,2025-05-29,3.1,3.1,4.3,1
COST,Costco,2025-09-25,3.4,-2.9,-4.1,1
COST,Costco,2025-12-11,3.2,0.0,-2.0,0
COST,Costco,2026-03-05,2.8,1.6,-2.3,0
COST,Costco,2026-05-28,3.0,-3.9,-5.0,1
COST,Costco,2026-09-24,3.0,2.9,3.2,1
CPRT,CPRT,2022-02-16,5.6,-1.6,-2.6,0
CPRT,CPRT,2022-05-18,6.5,4.1,6.1,0
CPRT,CPRT,2022-09-07,5.6,-1.6,-5.6,1
CPRT,CPRT,2022-11-16,5.2,3.4,-4.3,0
CPRT,CPRT,2023-05-17,3.6,7.8,7.9,1
CPRT,CPRT,2023-09-14,4.1,-2.2,-4.8,1
CPRT,CPRT,2023-11-16,5.0,1.8,4.5,0
CPRT,CPRT,2024-02-22,6.1,4.0,4.3,0
CPRT,CPRT,2024-05-16,4.5,-0.1,-3.2,0
CPRT,CPRT,2024-09-04,6.2,-6.7,-8.8,1
CPRT,CPRT,2024-11-21,6.9,10.2,10.5,1
CPRT,CPRT,2025-02-20,5.1,-2.8,-4.2,0
CPRT,CPRT,2025-05-22,7.3,-11.5,-12.1,1
CPRT,CPRT,2025-09-04,8.0,-2.8,-7.7,0
CPRT,CPRT,2025-11-20,7.4,-0.7,-4.0,0
CPRT,CPRT,2026-02-19,5.5,-3.1,-10.2,1
CPRT,CPRT,2026-05-21,10.9,-1.8,3.7,0
CPRT,CPRT,2026-09-10,7.4,-2.6,4.2,0
CRDO,Credo Technology Group Holding Ltd,2022-08-31,21.0,-5.9,-8.6,0
CRDO,Credo Technology Group Holding Ltd,2022-11-30,18.9,4.1,9.0,0
CRDO,Credo Technology Group Holding Ltd,2023-03-01,16.1,-3.0,-5.3,0
CRDO,Credo Technology Group Holding Ltd,2023-05-31,21.8,23.2,27.8,1
CRDO,Credo Technology Group Holding Ltd,2023-08-24,20.5,5.2,7.7,0
CRDO,Credo Technology Group Holding Ltd,2023-11-29,15.0,-7.0,-9.4,0
CRDO,Credo Technology Group Holding Ltd,2024-02-27,18.6,0.7,8.5,0
CRDO,Credo Technology Group Holding Ltd,2024-09-04,18.4,-14.9,-20.3,1
CRDO,Credo Technology Group Holding Ltd,2024-12-02,23.9,47.9,51.3,1
CRDO,Credo Technology Group Holding Ltd,2025-03-04,24.9,-14.0,-19.2,0
CRDO,Credo Technology Group Holding Ltd,2025-06-02,20.1,14.8,29.3,1
CRDO,Credo Technology Group Holding Ltd,2025-09-03,14.9,7.4,13.1,0
CRDO,Credo Technology Group Holding Ltd,2025-12-01,14.3,10.1,24.9,1
CRDO,Credo Technology Group Holding Ltd,2026-03-02,12.0,-14.8,-18.9,1
CRDO,Credo Technology Group Holding Ltd,2026-06-01,18.2,1.3,8.8,0
CRM,Salesforce,2022-08-24,7.6,-3.4,-8.0,1
CRM,Salesforce,2022-11-30,8.1,-8.3,-11.3,1
CRM,Salesforce,2023-03-01,7.2,11.5,15.9,1
CRM,Salesforce,2023-05-31,10.4,-4.7,-7.8,0
CRM,Salesforce,2023-08-30,5.9,3.0,6.4,1
CRM,Salesforce,2023-11-29,5.4,9.4,9.6,1
CRM,Salesforce,2024-02-28,8.0,3.0,3.6,0
CRM,Salesforce,2024-05-29,7.2,-19.7,-21.9,1
CRM,Salesforce,2024-08-28,8.1,-0.7,5.0,0
CRM,Salesforce,2024-12-03,7.4,11.0,11.3,1
CRM,Salesforce,2025-02-26,8.8,-4.0,-4.8,0
CRM,Salesforce,2025-05-28,7.3,-3.3,-7.8,1
CRM,Salesforce,2025-09-03,8.0,-4.9,-8.5,1
CRM,Salesforce,2025-12-03,7.6,3.7,4.3,0
CRM,Salesforce,2026-02-25,8.5,4.0,4.8,0
CRM,Salesforce,2026-05-27,8.8,-0.8,-3.3,0
CRM,Salesforce,2026-08-26,7.2,22.6,23.8,1
CRWD,CrowdStrike,2022-08-30,9.2,-5.5,-7.7,0
CRWD,CrowdStrike,2022-11-29,9.3,-14.7,-21.1,1
CRWD,CrowdStrike,2023-03-07,11.0,3.2,8.0,0
CRWD,CrowdStrike,2023-05-31,10.8,-1.6,-11.0,1
CRWD,CrowdStrike,2023-08-30,7.7,9.3,10.2,1
CRWD,CrowdStrike,2023-11-28,6.8,10.4,11.0,1
CRWD,CrowdStrike,2024-03-05,13.0,10.8,22.7,1
CRWD,CrowdStrike,2024-06-04,11.9,12.0,12.1,1
CRWD,CrowdStrike,2024-08-28,9.7,2.8,8.1,0
CRWD,CrowdStrike,2024-11-26,8.0,-4.6,-6.5,0
CRWD,CrowdStrike,2025-03-04,9.0,-6.3,-12.1,1
CRWD,CrowdStrike,2025-06-03,7.4,-5.8,-8.9,1
CRWD,CrowdStrike,2025-08-27,7.5,4.6,4.6,0
CRWD,CrowdStrike,2025-12-02,7.1,1.5,-5.9,0
CRWD,CrowdStrike,2026-03-03,7.7,4.2,4.3,0
CRWD,CrowdStrike,2026-06-03,9.0,-3.8,-10.2,1
CRWD,CrowdStrike,2026-08-26,8.5,20.5,21.1,1
CRWV,CoreWeave,2025-05-14,18.0,-2.5,-9.1,0
CRWV,CoreWeave,2025-08-12,16.9,-20.8,-20.9,1
CRWV,CoreWeave,2025-11-10,15.3,-16.3,-16.7,1
CRWV,CoreWeave,2026-02-26,11.9,-18.5,-22.5,1
CSCO,Cisco Systems,2022-08-17,5.3,5.8,7.2,1
CSCO,Cisco Systems,2022-11-16,5.8,5.0,5.5,0
CSCO,Cisco Systems,2023-02-15,4.6,5.2,6.8,1
CSCO,Cisco Systems,2023-05-17,5.2,1.2,-4.1,0
CSCO,Cisco Systems,2023-08-16,4.2,3.3,5.4,1
CSCO,Cisco Systems,2023-11-15,4.5,-9.8,-13.3,1
CSCO,Cisco Systems,2024-02-14,5.5,-2.4,-4.2,0
CSCO,Cisco Systems,2024-05-15,4.6,-2.7,-3.0,0
CSCO,Cisco Systems,2024-08-14,6.8,6.8,10.7,1
CSCO,Cisco Systems,2024-11-13,5.8,-2.1,-2.8,0
CSCO,Cisco Systems,2025-02-12,5.3,2.1,6.3,1
CSCO,Cisco Systems,2025-05-14,4.8,4.8,7.3,1
CSCO,Cisco Systems,2025-08-13,5.7,-1.6,-4.1,0
CSCO,Cisco Systems,2025-11-12,5.8,4.6,7.5,1
CSCO,Cisco Systems,2026-02-11,6.1,-12.3,-13.4,1
CSCO,Cisco Systems,2026-05-13,9.6,13.4,17.2,1
CSCO,Cisco Systems,2026-08-12,9.1,-8.4,-10.0,1
CTAS,Cintas,2022-07-14,4.2,2.5,3.4,0
CTAS,Cintas,2022-09-28,7.6,2.9,4.1,0
CTAS,Cintas,2022-12-21,6.0,4.6,4.7,0
CTAS,Cintas,2023-03-29,6.4,4.9,5.5,0
CTAS,Cintas,2023-07-13,4.3,0.3,-1.5,0
CTAS,Cintas,2023-09-26,5.3,-5.3,-5.3,1
CTAS,Cintas,2023-12-21,5.3,6.6,6.8,1
CTAS,Cintas,2024-03-27,5.9,8.2,11.3,1
CTAS,Cintas,2024-07-18,4.5,5.4,7.5,1
CTAS,Cintas,2024-09-25,6.4,1.2,2.3,0
CTAS,Cintas,2024-12-19,7.2,-10.6,-10.9,1
CTAS,Cintas,2025-03-26,5.5,5.8,9.9,1
CTAS,Cintas,2025-07-17,5.1,3.7,3.9,0
CTAS,Cintas,2025-09-24,5.1,-0.3,-4.0,0
CTAS,Cintas,2025-12-18,4.8,1.3,4.6,0
CTAS,Cintas,2026-03-25,4.8,-0.7,4.4,0
CTAS,Cintas,2026-07-15,4.9,4.4,6.7,1
CTAS,Cintas,2026-09-23,4.5,-3.4,-3.8,0
CVNA,Carvana,2022-04-20,18.4,-10.1,-14.3,0
CVNA,Carvana,2022-08-04,16.4,40.1,44.6,1
CVNA,Carvana,2022-11-03,24.9,-39.0,-41.7,1
CVNA,Carvana,2023-02-23,29.4,-20.5,-25.1,0
CVNA,Carvana,2023-05-04,18.5,24.4,55.4,1
CVNA,Carvana,2023-07-19,11.8,40.2,43.0,1
CVNA,Carvana,2023-11-02,17.9,7.9,17.0,0
CVNA,Carvana,2024-02-22,19.4,32.1,45.6,1
CVNA,Carvana,2024-05-01,16.8,33.8,40.4,1
CVNA,Carvana,2024-07-31,15.3,10.0,15.6,1
CVNA,Carvana,2024-10-30,13.3,19.3,25.1,1
CVNA,Carvana,2025-02-19,13.3,-12.1,-16.9,1
CVNA,Carvana,2025-05-07,13.1,10.2,13.3,1
CVNA,Carvana,2025-07-30,11.9,17.0,23.9,1
CVNA,Carvana,2025-10-29,13.2,-13.8,-14.9,1
CVNA,Carvana,2026-02-18,15.0,-7.9,-12.9,0
CVNA,Carvana,2026-04-29,12.8,-0.2,-6.3,0
CVNA,Carvana,2026-07-29,11.7,-7.4,-15.4,1
CVX,Chevron,2022-04-29,3.1,-3.2,-3.4,1
CVX,Chevron,2022-07-29,2.7,8.9,9.5,1
CVX,Chevron,2022-10-28,3.3,1.2,2.8,0
CVX,Chevron,2023-01-27,2.3,-4.4,-5.3,1
CVX,Chevron,2023-04-28,2.5,1.0,-1.7,0
CVX,Chevron,2023-10-27,2.0,-6.7,-7.0,1
CVX,Chevron,2024-02-02,2.4,2.9,3.7,1
CVX,Chevron,2024-04-26,2.0,0.4,-1.2,0
CVX,Chevron,2024-08-02,2.3,-2.7,-3.7,1
CVX,Chevron,2024-11-01,2.3,2.9,4.8,1
CVX,Chevron,2025-01-31,2.6,-4.6,-4.9,1
CVX,Chevron,2025-05-02,2.9,1.6,2.6,0
CVX,Chevron,2025-08-01,2.3,-0.2,2.0,0
CVX,Chevron,2025-10-31,2.4,2.7,3.7,1
CVX,Chevron,2026-01-30,2.3,3.3,3.6,1
CVX,Chevron,2026-05-01,2.7,-1.4,-1.8,0
CVX,Chevron,2026-07-31,2.4,2.4,2.7,1
DAL,Delta Air Lines Inc,2022-10-13,6.6,4.0,6.2,0
DAL,Delta Air Lines Inc,2023-01-13,4.2,-3.5,-7.8,1
DAL,Delta Air Lines Inc,2023-04-13,5.0,-1.1,-3.9,0
DAL,Delta Air Lines Inc,2023-07-13,4.3,-0.5,3.9,0
DAL,Delta Air Lines Inc,2023-10-12,4.3,-2.3,3.0,0
DAL,Delta Air Lines Inc,2024-01-12,4.0,-9.0,-9.2,1
DAL,Delta Air Lines Inc,2024-04-10,5.6,-2.3,4.1,0
DAL,Delta Air Lines Inc,2024-07-11,7.0,-4.0,-10.0,1
DAL,Delta Air Lines Inc,2024-10-10,6.0,-1.4,-3.3,0
DAL,Delta Air Lines Inc,2025-01-10,5.9,9.0,12.3,1
DAL,Delta Air Lines Inc,2025-04-09,11.7,23.4,25.4,1
DAL,Delta Air Lines Inc,2025-07-10,7.2,12.0,14.0,1
DAL,Delta Air Lines Inc,2025-10-09,6.7,4.3,9.0,1
DAL,Delta Air Lines Inc,2026-01-13,6.4,-2.4,-4.1,0
DAL,Delta Air Lines Inc,2026-04-08,6.9,3.7,13.1,1
DAL,Delta Air Lines Inc,2026-07-10,4.8,-1.8,-4.1,0
DE,Deere,2022-08-19,4.5,0.5,-4.1,0
DE,Deere,2022-11-23,4.3,5.0,7.6,1
DE,Deere,2023-02-17,4.2,7.5,8.3,1
DE,Deere,2023-05-19,4.5,-1.9,6.1,1
DE,Deere,2023-08-18,4.2,-5.3,-5.7,1
DE,Deere,2023-11-22,4.8,-3.1,-7.1,1
DE,Deere,2024-02-15,4.5,-5.2,-6.2,1
DE,Deere,2024-05-16,4.2,-4.7,-4.8,1
DE,Deere,2024-08-15,5.5,6.3,7.7,1
DE,Deere,2024-11-21,4.9,8.0,9.2,1
DE,Deere,2025-02-13,4.9,-2.2,-5.3,1
DE,Deere,2025-05-15,5.1,3.8,6.8,1
DE,Deere,2025-08-14,5.3,-6.8,-8.4,1
DE,Deere,2025-11-26,5.0,-5.7,-5.8,1
DE,Deere,2026-02-19,5.5,11.6,13.6,1
DE,Deere,2026-05-21,5.5,-5.2,-8.1,1
DE,Deere,2026-08-20,5.0,6.9,10.1,1
DELL,Dell Technologies Inc,2022-08-25,9.3,-13.5,-14.0,1
DELL,Dell Technologies Inc,2022-11-21,11.1,6.8,7.0,0
DELL,Dell Technologies Inc,2023-03-02,6.4,-0.9,-3.4,0
DELL,Dell Technologies Inc,2023-06-01,4.2,4.0,5.2,1
DELL,Dell Technologies Inc,2023-08-31,5.7,21.2,25.0,1
DELL,Dell Technologies Inc,2023-11-30,6.6,-5.2,-9.7,1
DELL,Dell Technologies Inc,2024-02-29,9.1,31.6,38.5,1
DELL,Dell Technologies Inc,2024-05-30,12.5,-17.9,-22.9,1
DELL,Dell Technologies Inc,2024-08-29,10.1,4.3,6.3,0
DELL,Dell Technologies Inc,2024-11-26,9.3,-12.2,-14.4,1
DELL,Dell Technologies Inc,2025-02-27,9.1,-4.7,-8.2,0
DELL,Dell Technologies Inc,2025-05-29,7.5,-2.1,-3.9,0
DELL,Dell Technologies Inc,2025-08-28,7.6,-8.9,-10.8,1
DELL,Dell Technologies Inc,2025-11-25,8.3,5.8,7.5,0
DELL,Dell Technologies Inc,2026-02-26,7.9,21.9,22.6,1
DELL,Dell Technologies Inc,2026-05-28,10.5,32.8,35.4,1
DELL,Dell Technologies Inc,2026-09-01,11.3,15.8,17.2,1
DHI,D R Horton,2022-11-09,6.1,3.0,7.3,1
DHI,D R Horton,2023-01-24,4.8,1.4,3.4,0
DHI,D R Horton,2023-04-20,4.0,5.6,8.4,1
DHI,D R Horton,2023-07-20,4.2,-1.9,-4.2,1
DHI,D R Horton,2023-11-07,5.3,2.9,3.9,0
DHI,D R Horton,2024-01-23,4.1,-9.2,-10.3,1
DHI,D R Horton,2024-04-18,5.0,0.1,5.8,1
DHI,D R Horton,2024-07-18,4.7,10.1,12.7,1
DHI,D R Horton,2024-10-29,5.1,-7.2,-15.2,1
DHI,D R Horton,2025-01-21,5.7,-2.7,4.4,0
DHI,D R Horton,2025-04-17,5.6,3.2,4.6,0
DHI,D R Horton,2025-07-22,5.2,17.0,17.2,1
DHI,D R Horton,2025-10-28,6.2,-3.2,-7.5,1
DHI,D R Horton,2026-01-20,7.2,-1.8,-4.7,0
DHI,D R Horton,2026-04-21,6.1,5.8,8.9,1
DHI,D R Horton,2026-07-21,6.7,-0.9,-1.9,0
DHR,Danaher,2022-10-20,4.6,-5.7,-6.3,1
DHR,Danaher,2023-01-24,4.4,-2.0,-4.9,1
DHR,Danaher,2023-04-25,3.7,-8.8,-9.2,1
DHR,Danaher,2023-07-25,4.9,-0.9,-4.4,0
DHR,Danaher,2023-10-24,4.4,-3.5,-5.7,1
DHR,Danaher,2024-01-30,4.3,4.7,4.9,1
DHR,Danaher,2024-04-23,4.5,7.2,8.7,1
DHR,Danaher,2024-07-23,5.0,5.3,8.8,1
DHR,Danaher,2024-10-22,5.0,-4.0,-4.2,0
DHR,Danaher,2025-01-29,4.7,-9.7,-10.0,1
DHR,Danaher,2025-04-22,6.8,3.8,7.9,1
DHR,Danaher,2025-07-22,5.7,1.0,4.4,0
DHR,Danaher,2025-10-21,6.6,5.9,12.8,1
DHR,Danaher,2026-01-28,5.1,-4.8,-5.4,1
DHR,Danaher,2026-04-21,5.3,-0.5,-2.6,0
DHR,Danaher,2026-07-21,7.3,-11.0,-17.6,1
DIS,Walt Disney,2022-08-10,6.4,4.7,9.6,1
DIS,Walt Disney,2022-11-08,8.2,-13.2,-13.6,1
DIS,Walt Disney,2023-02-08,6.1,-1.3,5.7,0
DIS,Walt Disney,2023-05-10,5.8,-8.7,-9.2,1
DIS,Walt Disney,2023-08-09,6.0,4.9,5.8,0
DIS,Walt Disney,2023-11-08,6.1,6.9,7.9,1
DIS,Walt Disney,2024-02-07,6.1,11.5,13.7,1
DIS,Walt Disney,2024-05-07,7.1,-9.5,-10.5,1
DIS,Walt Disney,2024-08-07,7.6,-4.5,-4.7,0
DIS,Walt Disney,2024-11-14,6.7,6.2,11.8,1
DIS,Walt Disney,2025-02-05,6.9,-2.4,4.7,0
DIS,Walt Disney,2025-05-07,6.9,10.8,12.1,1
DIS,Walt Disney,2025-08-06,6.1,-2.7,-5.2,0
DIS,Walt Disney,2025-11-13,6.8,-7.7,-10.1,1
DIS,Walt Disney,2026-02-02,6.4,-7.4,-8.0,1
DIS,Walt Disney,2026-05-06,6.6,7.5,8.6,1
DIS,Walt Disney,2026-08-05,6.2,3.6,5.1,0
DLO,dLocal,2022-05-17,19.7,15.3,33.2,1
DLO,dLocal,2022-08-22,20.1,-13.9,-18.2,0
DLO,dLocal,2022-11-14,21.3,-5.9,9.4,0
DLO,dLocal,2023-04-04,16.2,-26.3,-29.8,1
DLO,dLocal,2023-05-17,11.4,1.4,13.1,1
DLO,dLocal,2023-11-21,19.6,-7.6,-14.3,0
DLO,dLocal,2024-03-18,22.2,-17.5,-19.8,0
DLO,dLocal,2024-05-14,17.3,-26.4,-31.6,1
DLO,dLocal,2024-08-14,20.0,3.5,9.1,0
DLO,dLocal,2024-11-13,16.3,12.8,30.3,1
DLO,dLocal,2025-02-26,15.6,-1.8,-2.6,0
DLO,dLocal,2025-05-14,14.3,10.3,23.5,1
DLO,dLocal,2025-08-13,16.9,31.3,34.6,1
DLO,dLocal,2025-11-11,20.2,2.3,4.6,0
DLO,dLocal,2026-03-18,13.9,9.4,16.8,1
DLO,dLocal,2026-08-13,12.9,-4.0,-5.2,0
DOW,Dow Inc,2022-10-20,4.4,-0.4,5.5,1
DOW,Dow Inc,2023-01-26,3.1,0.4,-3.6,1
DOW,Dow Inc,2023-04-25,3.4,-5.2,-5.2,1
DOW,Dow Inc,2023-07-25,3.7,1.8,4.9,1
DOW,Dow Inc,2023-10-24,3.8,2.1,3.1,0
DOW,Dow Inc,2024-01-25,3.5,3.5,3.8,1
DOW,Dow Inc,2024-04-25,3.1,-0.9,-3.4,1
DOW,Dow Inc,2024-07-25,2.9,-0.9,-5.3,1
DOW,Dow Inc,2024-10-24,3.3,-1.0,-1.5,0
DOW,Dow Inc,2025-01-30,3.5,-6.1,-8.7,1
DOW,Dow Inc,2025-04-24,5.8,2.6,4.1,0
DOW,Dow Inc,2025-07-24,7.0,-17.5,-19.8,1
DOW,Dow Inc,2025-10-23,7.5,12.9,13.9,1
DOW,Dow Inc,2026-01-29,7.1,-2.2,-7.1,1
DOW,Dow Inc,2026-04-23,6.4,-0.7,-5.4,0
DOW,Dow Inc,2026-07-23,5.7,-1.1,4.7,0
DPZ,Dominos Pizza Inc,2022-07-21,6.4,-1.3,3.8,0
DPZ,Dominos Pizza Inc,2022-10-13,7.4,10.4,11.3,1
DPZ,Dominos Pizza Inc,2023-02-23,7.3,-11.7,-13.3,1
DPZ,Dominos Pizza Inc,2023-04-27,6.2,-6.5,-7.1,1
DPZ,Dominos Pizza Inc,2023-07-24,5.9,0.1,4.2,0
DPZ,Dominos Pizza Inc,2023-10-12,5.7,-1.1,4.3,0
DPZ,Dominos Pizza Inc,2024-02-26,6.1,5.8,9.8,1
DPZ,Dominos Pizza Inc,2024-04-29,5.9,5.6,8.2,1
DPZ,Dominos Pizza Inc,2024-07-18,6.5,-13.6,-14.2,1
DPZ,Dominos Pizza Inc,2024-10-10,7.2,-1.1,-3.7,0
DPZ,Dominos Pizza Inc,2025-02-24,6.9,-1.5,-6.8,0
DPZ,Dominos Pizza Inc,2025-04-28,7.0,0.6,-3.4,0
DPZ,Dominos Pizza Inc,2025-07-21,7.5,-0.8,6.4,0
DPZ,Dominos Pizza Inc,2025-10-14,6.5,3.9,4.9,0
DPZ,Dominos Pizza Inc,2026-02-23,8.3,4.1,7.6,0
DPZ,Dominos Pizza Inc,2026-04-27,7.6,-8.8,-10.6,1
DPZ,Dominos Pizza Inc,2026-07-20,10.4,2.1,8.6,0
DRI,Darden Restaurants,2022-09-22,9.2,-4.4,-5.2,0
DRI,Darden Restaurants,2022-12-16,3.8,-2.1,-7.7,1
DRI,Darden Restaurants,2023-03-23,6.8,-0.4,-2.2,0
DRI,Darden Restaurants,2023-06-22,6.1,-2.6,-4.4,0
DRI,Darden Restaurants,2023-09-21,5.7,-2.7,-2.8,0
DRI,Darden Restaurants,2023-12-15,4.3,-0.4,-5.9,1
DRI,Darden Restaurants,2024-03-21,5.4,-6.5,-7.1,1
DRI,Darden Restaurants,2024-06-20,5.9,1.5,4.0,0
DRI,Darden Restaurants,2024-09-19,4.3,8.3,9.2,1
DRI,Darden Restaurants,2024-12-19,6.6,14.7,18.1,1
DRI,Darden Restaurants,2025-03-20,6.3,5.8,8.1,1
DRI,Darden Restaurants,2025-06-20,5.4,1.4,-2.6,0
DRI,Darden Restaurants,2025-09-18,5.7,-7.7,-10.5,1
DRI,Darden Restaurants,2025-12-18,6.0,1.8,4.5,0
DRI,Darden Restaurants,2026-03-19,6.1,1.8,3.0,0
DRI,Darden Restaurants,2026-06-25,8.2,-0.3,-2.9,0
DRI,Darden Restaurants,2026-09-24,7.7,-3.0,-3.5,0
DSGX,DSGX,2022-09-07,6.6,-2.6,-4.1,0
DSGX,DSGX,2022-12-07,7.9,-1.2,-3.5,0
DSGX,DSGX,2023-03-01,6.1,4.2,4.3,0
DSGX,DSGX,2023-05-31,6.9,-1.3,-2.7,0
DSGX,DSGX,2023-09-06,4.5,-0.6,-6.2,1
DSGX,DSGX,2023-12-05,6.5,0.7,3.0,0
DSGX,DSGX,2024-03-06,7.9,4.9,7.2,0
DSGX,DSGX,2024-05-29,6.0,-6.8,-6.9,1
DSGX,DSGX,2024-09-04,6.2,-3.5,-3.8,0
DSGX,DSGX,2024-12-03,6.5,3.3,5.3,0
DSGX,DSGX,2025-03-05,8.0,-8.3,-16.6,1
DSGX,DSGX,2025-06-04,5.6,-12.1,-13.5,1
DSGX,DSGX,2025-09-03,7.2,6.7,6.9,0
DSGX,DSGX,2025-12-03,7.7,14.4,14.9,1
DSGX,DSGX,2026-03-11,9.6,4.2,8.1,0
DSGX,DSGX,2026-06-03,10.2,5.1,9.4,0
EL,Estee Lauder,2022-08-18,5.2,1.8,-3.0,0
EL,Estee Lauder,2022-11-02,8.1,-8.1,-9.1,1
EL,Estee Lauder,2023-02-02,6.8,-4.4,-5.4,0
EL,Estee Lauder,2023-08-18,7.5,-3.3,-7.8,1
EL,Estee Lauder,2023-11-01,10.7,-18.9,-20.7,1
EL,Estee Lauder,2024-02-05,9.4,12.0,19.1,1
EL,Estee Lauder,2024-05-01,9.1,-13.2,-15.5,1
EL,Estee Lauder,2024-08-19,10.7,-2.2,-2.7,0
EL,Estee Lauder,2024-10-31,9.4,-20.9,-27.3,1
EL,Estee Lauder,2025-02-04,10.4,-16.1,-19.5,1
EL,Estee Lauder,2025-05-01,10.8,-1.8,-3.7,0
EL,Estee Lauder,2025-08-20,10.8,-3.7,-6.1,0
EL,Estee Lauder,2025-10-30,9.1,0.3,-5.1,0
EL,Estee Lauder,2026-02-05,10.5,-19.2,-24.1,1
EL,Estee Lauder,2026-05-01,8.7,3.4,12.7,1
EL,Estee Lauder,2026-08-19,9.4,16.3,18.4,1
ERIC,Ericsson,2022-07-14,3.7,4.0,4.1,1
ERIC,Ericsson,2022-10-20,8.3,2.0,-2.4,0
ERIC,Ericsson,2023-01-20,7.6,2.8,4.0,0
ERIC,Ericsson,2023-04-18,9.1,0.4,-0.7,0
ERIC,Ericsson,2023-07-14,3.6,-2.1,-3.1,0
ERIC,Ericsson,2023-10-17,9.1,-3.0,-4.1,0
ERIC,Ericsson,2024-01-23,5.9,-3.9,-4.6,0
ERIC,Ericsson,2024-04-16,3.1,1.0,2.0,0
ERIC,Ericsson,2024-07-12,5.1,-2.8,-3.7,0
ERIC,Ericsson,2025-01-24,7.0,1.4,4.6,0
ERIC,Ericsson,2025-04-15,3.1,-1.6,-2.4,0
ERIC,Ericsson,2025-07-15,3.7,2.1,3.7,1
ERIC,Ericsson,2025-10-14,4.6,-2.0,-3.4,0
ERIC,Ericsson,2026-01-23,11.2,8.9,9.9,0
ERIC,Ericsson,2026-04-17,7.7,-6.5,-7.4,0
ERIC,Ericsson,2026-07-14,9.7,-13.5,-14.1,1
ESLT,Elbit Systems,2023-03-28,6.1,-3.8,-5.0,0
ESLT,Elbit Systems,2023-05-30,5.1,6.1,10.1,1
ESLT,Elbit Systems,2023-08-15,5.1,-0.8,-1.8,0
ESLT,Elbit Systems,2023-11-28,5.6,-2.2,-3.1,0
ESLT,Elbit Systems,2024-03-26,7.3,0.2,0.9,0
ESLT,Elbit Systems,2024-05-28,5.5,-2.7,-3.5,0
ESLT,Elbit Systems,2024-08-14,4.6,3.4,4.7,1
ESLT,Elbit Systems,2024-11-19,7.1,6.2,7.4,1
ESLT,Elbit Systems,2025-03-18,4.5,10.6,12.3,1
ESLT,Elbit Systems,2025-04-29,6.0,0.6,0.8,0
ESLT,Elbit Systems,2025-08-13,7.7,5.6,9.0,1
ESLT,Elbit Systems,2025-11-18,6.8,0.2,3.9,0
ESLT,Elbit Systems,2026-03-17,9.2,16.0,16.2,1
FAST,Fastenal Company,2022-10-13,7.6,2.5,4.4,0
FAST,Fastenal Company,2023-04-13,4.9,-0.4,-4.3,0
FAST,Fastenal Company,2023-07-13,4.8,-3.5,-3.8,0
FAST,Fastenal Company,2023-10-12,5.0,7.5,8.3,1
FAST,Fastenal Company,2024-04-11,5.7,-6.5,-7.1,1
FAST,Fastenal Company,2024-07-12,7.0,2.0,5.6,0
FAST,Fastenal Company,2024-10-11,5.2,9.8,10.3,1
FAST,Fastenal Company,2025-01-17,5.3,1.8,-3.0,0
FAST,Fastenal Company,2025-04-11,7.4,6.4,7.3,0
FAST,Fastenal Company,2025-07-14,5.6,4.2,6.4,1
FAST,Fastenal Company,2025-10-13,2.6,1.0,2.7,1
FAST,Fastenal Company,2026-01-20,7.6,-2.6,-5.7,0
FAST,Fastenal Company,2026-04-13,4.8,-6.9,-7.9,1
FAST,Fastenal Company,2026-07-14,5.1,-2.8,-5.4,1
FDS,FactSet Research Systems,2022-09-22,6.6,-8.3,-10.1,1
FDS,FactSet Research Systems,2022-12-20,7.6,-5.4,-5.6,0
FDS,FactSet Research Systems,2023-03-23,6.3,-5.5,-9.1,1
FDS,FactSet Research Systems,2023-06-22,6.6,-4.5,-7.4,1
FDS,FactSet Research Systems,2023-09-21,6.4,0.7,5.9,0
FDS,FactSet Research Systems,2023-12-19,5.5,-2.1,-3.8,0
FDS,FactSet Research Systems,2024-03-21,6.0,-7.6,-8.0,1
FDS,FactSet Research Systems,2024-06-21,6.9,3.8,5.3,0
FDS,FactSet Research Systems,2024-09-19,6.3,5.1,6.4,1
FDS,FactSet Research Systems,2024-12-19,5.5,3.5,5.0,0
FDS,FactSet Research Systems,2025-03-20,4.6,-1.7,-3.3,0
FDS,FactSet Research Systems,2025-06-23,6.5,3.5,5.6,0
FDS,FactSet Research Systems,2025-09-18,8.1,-10.4,-11.4,1
FDS,FactSet Research Systems,2025-12-18,5.9,-7.7,-9.4,1
FDS,FactSet Research Systems,2026-03-31,11.1,6.1,8.8,0
FDS,FactSet Research Systems,2026-07-01,11.7,6.7,10.5,0
FERG,Ferguson,2022-06-14,5.4,2.1,3.8,0
FERG,Ferguson,2022-09-27,9.7,-4.8,-5.5,0
FERG,Ferguson,2022-12-06,7.3,5.6,5.6,0
FERG,Ferguson,2023-06-06,6.5,0.1,-2.1,0
FERG,Ferguson,2023-09-26,6.0,4.7,5.1,0
FERG,Ferguson,2023-12-05,5.3,3.5,4.9,0
FERG,Ferguson,2024-03-05,5.7,-6.7,-7.1,1
FERG,Ferguson,2024-06-04,6.5,-2.9,-3.8,0
FERG,Ferguson,2024-09-17,6.7,5.0,5.3,0
FERG,Ferguson,2024-12-10,6.2,-10.5,-12.1,1
FERG,Ferguson,2025-03-11,8.8,-5.2,-6.9,0
FERG,Ferguson,2025-06-03,6.3,17.2,17.5,1
FERG,Ferguson,2025-09-16,8.4,7.9,9.8,1
FERG,Ferguson,2025-12-09,8.5,-8.0,-8.4,0
FERG,Ferguson,2026-02-24,8.9,4.2,4.5,0
FERG,Ferguson,2026-05-05,7.7,-3.1,-3.8,0
FERG,Ferguson,2026-08-10,8.1,2.8,4.3,0
FHN,First Horizon,2022-10-18,2.3,0.3,0.8,0
FHN,First Horizon,2023-01-18,2.6,0.1,0.3,0
FHN,First Horizon,2023-04-18,7.9,1.3,1.4,0
FHN,First Horizon,2023-07-19,5.9,0.4,4.3,0
FHN,First Horizon,2023-10-18,5.1,1.8,5.7,1
FHN,First Horizon,2024-01-18,4.2,5.1,5.6,1
FHN,First Horizon,2024-04-17,4.6,1.9,5.1,1
FHN,First Horizon,2024-07-17,4.9,-5.8,-6.4,1
FHN,First Horizon,2024-10-16,6.0,4.1,5.4,0
FHN,First Horizon,2025-01-16,4.9,-0.4,-4.8,0
FHN,First Horizon,2025-04-16,5.0,-1.6,-3.8,0
FHN,First Horizon,2025-07-16,5.5,2.1,3.7,0
FHN,First Horizon,2025-10-15,5.8,-9.4,-13.2,1
FHN,First Horizon,2026-01-15,4.2,1.6,3.0,0
FHN,First Horizon,2026-04-15,4.8,-0.3,-2.4,0
FHN,First Horizon,2026-07-15,3.3,-3.0,-4.8,1
FUL,FUL,2022-06-22,8.1,-3.6,-6.2,0
FUL,FUL,2022-09-21,9.3,3.0,4.2,0
FUL,FUL,2023-01-18,5.7,-3.8,-5.1,0
FUL,FUL,2023-03-29,6.8,-2.0,-3.6,0
FUL,FUL,2023-06-28,6.4,7.1,7.7,1
FUL,FUL,2023-09-27,5.8,6.0,6.2,1
FUL,FUL,2024-01-17,4.9,1.7,3.5,0
FUL,FUL,2024-03-27,6.6,-3.4,-3.9,0
FUL,FUL,2024-06-26,6.7,0.1,5.0,0
FUL,FUL,2024-09-25,7.3,0.1,-6.2,0
FUL,FUL,2025-01-15,6.7,-3.0,-4.2,0
FUL,FUL,2025-03-26,7.1,6.1,6.5,0
FUL,FUL,2025-06-25,8.4,10.8,11.9,1
FUL,FUL,2025-09-24,7.7,-3.9,-3.9,0
FUL,FUL,2026-01-14,4.8,-1.9,2.5,0
FUL,FUL,2026-06-24,7.8,-4.1,-9.8,1
GE,General Electric Company,2022-10-25,6.0,-0.5,-3.1,0
GE,General Electric Company,2023-01-24,5.0,1.2,-2.9,0
GE,General Electric Company,2023-04-25,4.2,-1.7,-2.6,0
GE,General Electric Company,2023-07-25,4.3,6.3,7.0,1
GE,General Electric Company,2023-10-24,5.4,6.5,7.7,1
GE,General Electric Company,2024-01-23,5.3,-1.0,-3.6,0
GE,General Electric Company,2024-04-23,5.6,8.3,9.0,1
GE,General Electric Company,2024-07-23,6.3,5.7,8.9,1
GE,General Electric Company,2024-10-22,4.9,-9.0,-9.5,1
GE,General Electric Company,2025-01-23,6.0,6.6,10.2,1
GE,General Electric Company,2025-04-22,6.8,6.1,6.5,0
GE,General Electric Company,2025-07-17,5.7,-2.2,-3.0,0
GE,General Electric Company,2025-10-21,5.1,1.3,4.6,0
GE,General Electric Company,2026-01-22,4.8,-7.4,-7.4,1
GE,General Electric Company,2026-04-21,5.3,-5.6,-6.4,1
GE,General Electric Company,2026-07-16,5.5,-4.1,-6.6,1
GIS,General Mills,2022-09-21,5.7,5.7,7.5,1
GIS,General Mills,2022-12-20,5.4,-4.6,-5.4,1
GIS,General Mills,2023-03-23,5.1,2.9,4.3,0
GIS,General Mills,2023-06-28,4.7,-5.2,-5.7,1
GIS,General Mills,2023-12-20,4.2,-3.6,-4.2,1
GIS,General Mills,2024-03-20,4.0,1.2,8.5,1
GIS,General Mills,2024-06-26,3.8,-4.6,-7.8,1
GIS,General Mills,2024-09-18,3.9,0.7,-3.1,0
GIS,General Mills,2024-12-18,4.1,-3.1,-4.7,1
GIS,General Mills,2025-03-19,5.0,-2.1,-3.9,0
GIS,General Mills,2025-06-25,6.6,-5.1,-5.1,0
GIS,General Mills,2025-09-17,4.6,-0.8,-2.3,0
GIS,General Mills,2025-12-17,4.2,3.4,3.9,0
GIS,General Mills,2026-03-18,5.0,-3.0,-3.3,0
GIS,General Mills,2026-07-01,7.2,8.5,9.9,1
GIS,General Mills,2026-09-23,7.3,1.0,-2.5,0
GLOB,Globant,2022-05-19,7.8,-1.5,-10.5,1
GLOB,Globant,2022-08-18,5.5,-2.4,-7.1,1
GLOB,Globant,2022-11-17,5.0,-4.0,-4.7,0
GLOB,Globant,2023-02-16,5.4,6.8,7.0,1
GLOB,Globant,2023-05-18,6.4,10.4,13.1,1
GLOB,Globant,2023-08-17,6.4,7.9,13.4,1
GLOB,Globant,2023-11-16,5.6,11.8,13.1,1
GLOB,Globant,2024-02-15,6.3,-6.3,-8.2,1
GLOB,Globant,2024-05-16,8.4,-5.6,-9.9,1
GLOB,Globant,2024-08-15,7.3,5.1,8.4,1
GLOB,Globant,2024-11-14,7.5,-11.1,-12.5,1
GLOB,Globant,2025-02-20,6.4,-27.8,-28.0,1
GLOB,Globant,2025-05-15,9.8,-23.6,-33.7,1
GLOB,Globant,2025-08-14,13.9,-14.9,-17.4,1
GLOB,Globant,2025-11-13,18.2,-2.8,-3.7,0
GLOB,Globant,2026-02-26,18.3,6.2,6.4,0
GLOB,Globant,2026-08-13,15.0,-8.8,-13.4,0
GM,General Motors,2022-10-25,6.6,3.6,4.9,0
GM,General Motors,2023-01-31,6.4,8.3,9.5,1
GM,General Motors,2023-04-25,5.0,-4.0,-4.7,0
GM,General Motors,2023-07-25,5.4,-3.5,-5.6,1
GM,General Motors,2023-10-24,5.7,-2.3,-4.1,0
GM,General Motors,2024-01-30,5.0,7.8,10.1,1
GM,General Motors,2024-04-23,5.3,4.4,6.4,1
GM,General Motors,2024-07-23,5.1,-6.4,-7.5,1
GM,General Motors,2024-10-22,5.9,9.8,10.7,1
GM,General Motors,2025-01-28,6.6,-8.9,-11.3,1
GM,General Motors,2025-04-29,6.4,-0.6,-4.0,0
GM,General Motors,2025-07-22,5.5,-8.1,-8.2,1
GM,General Motors,2025-10-21,6.1,14.9,16.5,1
GM,General Motors,2026-01-27,6.3,8.7,9.9,1
GM,General Motors,2026-04-28,7.8,1.3,-4.1,0
GM,General Motors,2026-07-21,6.7,4.9,5.7,0
GME,GameStop,2022-06-01,15.7,10.4,12.4,0
GME,GameStop,2022-09-07,14.5,7.4,11.2,0
GME,GameStop,2022-12-07,14.4,11.4,12.3,0
GME,GameStop,2023-03-21,12.9,35.2,53.0,1
GME,GameStop,2023-06-07,17.6,-17.9,-23.0,1
GME,GameStop,2023-09-06,14.2,0.7,-6.1,0
GME,GameStop,2023-12-06,21.4,10.2,11.3,0
GME,GameStop,2024-03-26,24.8,-15.0,-17.4,0
GME,GameStop,2024-06-07,27.6,-39.4,-43.9,1
GME,GameStop,2024-09-10,14.8,-12.0,-17.7,1
GME,GameStop,2024-12-10,13.2,7.6,12.0,0
GME,GameStop,2025-03-25,10.2,11.7,17.3,1
GME,GameStop,2025-06-10,11.4,-5.3,-5.7,0
GME,GameStop,2025-09-09,10.0,3.3,7.8,0
GME,GameStop,2025-12-09,9.2,-4.3,-7.0,0
GME,GameStop,2026-03-24,7.2,1.2,3.0,0
GME,GameStop,2026-06-02,3.3,6.0,13.2,1
GME,GameStop,2026-09-08,7.3,-1.4,-2.3,0
GOOGL,Alphabet,2022-10-25,6.6,-9.1,-9.4,1
GOOGL,Alphabet,2023-02-02,8.2,-2.7,-4.8,0
GOOGL,Alphabet,2023-04-25,5.4,-0.1,2.4,0
GOOGL,Alphabet,2023-07-25,5.7,5.8,7.2,1
GOOGL,Alphabet,2023-10-24,5.5,-9.5,-9.9,1
GOOGL,Alphabet,2024-01-30,6.1,-7.5,-7.7,1
GOOGL,Alphabet,2024-04-25,6.3,10.2,12.0,1
GOOGL,Alphabet,2024-07-23,6.6,-5.0,-5.5,0
GOOGL,Alphabet,2024-10-29,6.7,2.8,7.3,1
GOOGL,Alphabet,2025-02-04,6.6,-7.3,-8.9,1
GOOGL,Alphabet,2025-04-24,6.1,1.7,4.3,0
GOOGL,Alphabet,2025-07-23,5.7,1.0,4.1,0
GOOGL,Alphabet,2025-10-29,6.5,2.5,6.2,0
GOOGL,Alphabet,2026-02-04,6.5,-0.5,-8.0,1
GOOGL,Alphabet,2026-04-29,5.5,10.0,10.3,1
GOOGL,Alphabet,2026-07-22,5.9,-7.1,-7.9,1
GS,Goldman Sachs,2022-10-18,4.6,2.3,5.8,1
GS,Goldman Sachs,2023-01-17,3.0,-6.4,-8.0,1
GS,Goldman Sachs,2023-04-18,3.5,-1.7,-4.0,1
GS,Goldman Sachs,2023-07-19,3.6,1.0,2.6,0
GS,Goldman Sachs,2023-10-17,3.3,-1.6,-2.7,0
GS,Goldman Sachs,2024-01-16,3.1,0.7,1.9,0
GS,Goldman Sachs,2024-04-15,4.0,2.9,6.0,1
GS,Goldman Sachs,2024-07-15,3.8,2.6,2.7,0
GS,Goldman Sachs,2024-10-15,3.3,-0.1,3.4,1
GS,Goldman Sachs,2025-01-15,3.9,6.0,6.6,1
GS,Goldman Sachs,2025-04-14,7.2,1.9,3.6,0
GS,Goldman Sachs,2025-07-16,3.3,0.9,-1.6,0
GS,Goldman Sachs,2025-10-14,4.4,-2.0,-5.6,1
GS,Goldman Sachs,2026-01-15,3.6,4.6,5.2,1
GS,Goldman Sachs,2026-07-14,4.6,9.0,9.4,1
HAL,Halliburton,2022-10-25,4.0,4.3,6.1,1
HAL,Halliburton,2023-01-24,3.5,0.5,-3.6,1
HAL,Halliburton,2023-04-25,4.3,-3.5,-4.8,1
HAL,Halliburton,2023-07-19,4.0,-2.9,-3.7,0
HAL,Halliburton,2023-10-24,4.1,-3.4,-4.3,1
HAL,Halliburton,2024-01-23,3.7,2.5,3.7,1
HAL,Halliburton,2024-04-23,4.0,-0.3,-1.8,0
HAL,Halliburton,2024-07-19,3.2,-5.6,-7.5,1
HAL,Halliburton,2024-11-07,4.2,-3.1,-5.5,1
HAL,Halliburton,2025-01-22,4.2,-3.6,-4.6,1
HAL,Halliburton,2025-04-22,5.9,-5.6,-9.9,1
HAL,Halliburton,2025-07-22,4.9,1.0,-4.8,0
HAL,Halliburton,2025-10-21,5.0,11.6,12.6,1
HAL,Halliburton,2026-01-21,4.3,4.1,5.4,1
HAL,Halliburton,2026-04-21,5.3,4.0,5.5,1
HAL,Halliburton,2026-07-21,5.1,-5.5,-7.8,1
HBAN,Huntington Bancshares Inc,2022-10-21,4.2,9.5,9.9,1
HBAN,Huntington Bancshares Inc,2023-01-20,3.4,0.6,3.0,0
HBAN,Huntington Bancshares Inc,2023-04-20,4.8,-1.8,-2.9,0
HBAN,Huntington Bancshares Inc,2023-07-21,4.6,-0.7,-2.2,0
HBAN,Huntington Bancshares Inc,2023-10-20,3.8,-3.9,-6.2,1
HBAN,Huntington Bancshares Inc,2024-01-19,4.1,3.9,4.1,1
HBAN,Huntington Bancshares Inc,2024-04-19,6.3,1.9,2.1,0
HBAN,Huntington Bancshares Inc,2024-07-19,4.0,3.9,4.8,1
HBAN,Huntington Bancshares Inc,2024-10-17,4.2,-2.6,-3.5,0
HBAN,Huntington Bancshares Inc,2025-01-17,3.1,1.0,1.3,0
HBAN,Huntington Bancshares Inc,2025-04-17,5.7,3.0,5.2,0
HBAN,Huntington Bancshares Inc,2025-07-18,3.7,-1.6,-3.7,1
HBAN,Huntington Bancshares Inc,2025-10-17,6.5,0.8,2.3,0
HBAN,Huntington Bancshares Inc,2026-01-22,6.0,-6.0,-6.2,1
HBAN,Huntington Bancshares Inc,2026-04-23,6.2,0.1,-3.6,0
HBAN,Huntington Bancshares Inc,2026-07-23,6.6,-4.8,-5.9,0
HD,Home Depot,2022-08-16,4.7,4.1,5.8,1
HD,Home Depot,2022-11-15,6.0,1.6,3.2,0
HD,Home Depot,2023-02-21,4.4,-7.1,-7.2,1
HD,Home Depot,2023-05-16,4.9,-2.2,-4.0,0
HD,Home Depot,2023-08-15,3.7,0.7,2.5,0
HD,Home Depot,2023-11-14,4.0,5.4,7.0,1
HD,Home Depot,2024-02-20,4.1,0.1,-2.2,0
HD,Home Depot,2024-05-14,4.1,-0.1,-2.3,0
HD,Home Depot,2024-08-13,4.9,1.2,2.2,0
HD,Home Depot,2024-11-12,3.6,-1.3,1.9,0
HD,Home Depot,2025-02-25,4.3,2.8,4.9,1
HD,Home Depot,2025-05-20,4.0,-0.6,2.7,0
HD,Home Depot,2025-08-19,3.8,3.2,5.0,1
HD,Home Depot,2025-11-18,4.1,-6.0,-6.2,1
HD,Home Depot,2026-02-24,4.2,2.0,4.6,1
HD,Home Depot,2026-05-19,4.9,0.9,-3.6,0
HD,Home Depot,2026-08-18,4.4,-0.1,-2.1,0
HEI,HEICO Corp,2022-05-23,8.3,0.4,-1.8,0
HEI,HEICO Corp,2022-08-29,6.4,-2.0,-2.3,0
HEI,HEICO Corp,2022-12-19,7.4,2.6,2.9,0
HEI,HEICO Corp,2023-02-27,5.1,-5.2,-6.5,1
HEI,HEICO Corp,2023-05-24,5.0,-2.0,-2.0,0
HEI,HEICO Corp,2023-08-30,3.1,-0.1,-0.8,0
HEI,HEICO Corp,2023-12-18,6.0,0.1,4.0,0
HEI,HEICO Corp,2024-02-26,5.5,-2.7,-3.8,0
HEI,HEICO Corp,2024-05-28,6.0,0.5,6.4,1
HEI,HEICO Corp,2024-08-26,6.7,0.6,-6.1,0
HEI,HEICO Corp,2024-12-17,6.1,-8.7,-10.4,1
HEI,HEICO Corp,2025-02-26,6.7,13.9,15.1,1
HEI,HEICO Corp,2025-05-27,7.9,7.4,8.5,1
HEI,HEICO Corp,2025-08-25,8.4,8.8,9.2,1
HEI,HEICO Corp,2025-12-18,6.1,5.8,7.0,1
HEI,HEICO Corp,2026-05-27,9.6,11.5,13.8,1
HIMS,Hims & Hers,2022-05-09,34.8,-6.5,-9.7,0
HIMS,Hims & Hers,2022-08-08,19.2,-5.1,-8.2,0
HIMS,Hims & Hers,2022-11-07,18.4,19.7,27.9,1
HIMS,Hims & Hers,2023-02-27,19.3,16.8,22.0,1
HIMS,Hims & Hers,2023-05-08,17.7,-10.1,-11.7,0
HIMS,Hims & Hers,2023-08-07,18.7,-5.8,17.4,0
HIMS,Hims & Hers,2023-11-06,19.9,11.0,17.8,0
HIMS,Hims & Hers,2024-02-26,22.2,31.0,35.8,1
HIMS,Hims & Hers,2024-05-06,20.3,6.0,17.0,0
HIMS,Hims & Hers,2024-08-05,22.0,-5.4,-10.3,0
HIMS,Hims & Hers,2024-11-04,19.7,-0.6,7.3,0
HIMS,Hims & Hers,2025-02-24,20.4,-22.3,-29.8,1
HIMS,Hims & Hers,2025-05-05,19.9,18.1,20.7,1
HIMS,Hims & Hers,2025-08-04,17.8,-12.4,-13.7,0
HIMS,Hims & Hers,2025-11-03,15.5,-3.6,8.9,0
HIMS,Hims & Hers,2026-02-23,16.7,-0.3,-11.4,0
HOMB,Home BancShares Inc,2022-10-20,3.9,-5.3,-6.0,1
HOMB,Home BancShares Inc,2023-01-19,3.9,-1.2,4.0,1
HOMB,Home BancShares Inc,2023-04-20,5.5,0.5,1.2,0
HOMB,Home BancShares Inc,2023-07-20,6.9,-3.4,-4.2,0
HOMB,Home BancShares Inc,2024-01-18,3.3,2.6,2.9,0
HOMB,Home BancShares Inc,2024-04-18,7.6,3.5,4.9,0
HOMB,Home BancShares Inc,2024-07-17,6.7,-0.5,2.2,0
HOMB,Home BancShares Inc,2024-10-16,11.0,-1.7,-4.9,0
HOMB,Home BancShares Inc,2025-01-15,7.0,1.1,-3.1,0
HOMB,Home BancShares Inc,2025-04-16,6.6,1.8,4.5,0
HOMB,Home BancShares Inc,2025-07-16,7.4,2.1,4.0,0
HOMB,Home BancShares Inc,2025-10-15,10.2,-3.4,-4.4,0
HOMB,Home BancShares Inc,2026-01-14,6.5,0.9,3.2,0
HOMB,Home BancShares Inc,2026-04-15,8.5,-3.4,-5.0,0
HOMB,Home BancShares Inc,2026-07-15,3.6,4.8,5.5,1
HOOD,Robinhood,2022-04-28,17.1,-2.8,-10.8,0
HOOD,Robinhood,2022-08-02,12.2,11.7,16.6,1
HOOD,Robinhood,2022-11-02,10.6,8.2,11.9,1
HOOD,Robinhood,2023-02-08,11.0,-3.7,6.6,0
HOOD,Robinhood,2023-05-10,9.5,6.4,9.8,1
HOOD,Robinhood,2023-08-02,10.4,-7.2,-12.5,1
HOOD,Robinhood,2023-11-07,10.0,-14.3,-15.2,1
HOOD,Robinhood,2024-02-13,13.2,13.0,17.4,1
HOOD,Robinhood,2024-05-08,12.9,-3.1,9.1,0
HOOD,Robinhood,2024-08-07,14.7,3.6,5.7,0
HOOD,Robinhood,2024-10-30,11.5,-16.7,-17.9,1
HOOD,Robinhood,2025-02-12,12.7,14.1,19.7,1
HOOD,Robinhood,2025-04-30,12.4,-5.1,-5.3,0
HOOD,Robinhood,2025-07-30,9.0,-2.9,-4.7,0
HOOD,Robinhood,2025-11-05,8.1,-10.8,-11.5,1
HOOD,Robinhood,2026-02-10,10.4,-8.9,-13.3,1
HOOD,Robinhood,2026-04-28,9.4,-13.2,-14.8,1
HOOD,Robinhood,2026-07-29,9.6,-3.6,-4.0,0
HPE,Hewlett Packard Enterprise Company,2022-08-30,8.1,-0.4,1.1,0
HPE,Hewlett Packard Enterprise Company,2022-11-29,8.2,8.5,9.1,1
HPE,Hewlett Packard Enterprise Company,2023-03-02,6.8,-1.4,3.5,0
HPE,Hewlett Packard Enterprise Company,2023-05-30,11.3,-7.1,-11.1,0
HPE,Hewlett Packard Enterprise Company,2023-08-29,8.3,3.1,-3.8,0
HPE,Hewlett Packard Enterprise Company,2023-11-28,7.9,6.4,8.9,1
HPE,Hewlett Packard Enterprise Company,2024-02-29,8.6,2.2,-5.0,0
HPE,Hewlett Packard Enterprise Company,2024-06-04,10.2,10.7,16.1,1
HPE,Hewlett Packard Enterprise Company,2024-09-04,9.3,-6.0,-10.2,1
HPE,Hewlett Packard Enterprise Company,2024-12-05,8.3,10.6,12.0,1
HPE,Hewlett Packard Enterprise Company,2025-03-06,8.8,-12.0,-16.9,1
HPE,Hewlett Packard Enterprise Company,2025-06-03,8.4,0.8,8.5,1
HPE,Hewlett Packard Enterprise Company,2025-09-03,8.3,1.5,5.9,0
HPE,Hewlett Packard Enterprise Company,2025-12-04,7.4,1.9,-10.0,1
HPE,Hewlett Packard Enterprise Company,2026-03-09,9.7,-3.3,-3.6,0
HPE,Hewlett Packard Enterprise Company,2026-06-01,22.9,19.5,36.7,1
HPE,Hewlett Packard Enterprise Company,2026-09-02,11.8,5.0,-11.8,1
IBKR,Interactive Brokers Group,2022-10-18,5.1,6.9,7.7,1
IBKR,Interactive Brokers Group,2023-01-17,5.0,4.8,8.0,1
IBKR,Interactive Brokers Group,2023-04-18,4.3,-0.8,-4.2,0
IBKR,Interactive Brokers Group,2023-07-18,4.9,-5.0,-5.1,1
IBKR,Interactive Brokers Group,2023-10-17,4.3,-4.1,-6.0,1
IBKR,Interactive Brokers Group,2024-01-16,4.7,2.3,-3.8,0
IBKR,Interactive Brokers Group,2024-04-16,5.4,1.7,6.3,1
IBKR,Interactive Brokers Group,2024-07-16,5.5,-0.2,-5.7,1
IBKR,Interactive Brokers Group,2024-10-15,4.7,-4.0,-8.1,1
IBKR,Interactive Brokers Group,2025-01-21,8.1,8.8,9.5,1
IBKR,Interactive Brokers Group,2025-04-15,6.5,-9.0,-11.7,1
IBKR,Interactive Brokers Group,2025-07-17,5.3,7.8,10.6,1
IBKR,Interactive Brokers Group,2025-10-16,6.0,-3.3,-4.8,0
IBKR,Interactive Brokers Group,2026-01-20,5.7,6.0,7.6,1
IBKR,Interactive Brokers Group,2026-04-21,5.5,-1.9,-3.7,0
IBKR,Interactive Brokers Group,2026-07-21,5.8,-1.0,-2.4,0
IBM,International Business Machines,2022-10-19,5.7,4.7,5.3,0
IBM,International Business Machines,2023-01-25,4.1,-4.5,-5.5,1
IBM,International Business Machines,2023-04-19,4.1,0.0,3.7,0
IBM,International Business Machines,2023-07-19,4.0,2.1,3.6,0
IBM,International Business Machines,2023-10-25,4.3,4.9,5.3,1
IBM,International Business Machines,2024-01-24,4.5,9.5,13.2,1
IBM,International Business Machines,2024-04-24,6.1,-8.3,-10.0,1
IBM,International Business Machines,2024-07-24,6.2,4.3,6.7,1
IBM,International Business Machines,2024-10-23,5.8,-6.2,-7.1,1
IBM,International Business Machines,2025-01-29,6.5,13.0,14.5,1
IBM,International Business Machines,2025-04-23,6.7,-6.6,-8.6,1
IBM,International Business Machines,2025-07-23,6.3,-7.6,-10.4,1
IBM,International Business Machines,2025-10-22,6.8,-0.9,-8.3,1
IBM,International Business Machines,2026-01-28,6.5,5.1,8.8,1
IBM,International Business Machines,2026-04-22,6.5,-8.3,-12.0,1
IBM,International Business Machines,2026-07-22,6.9,0.4,-3.2,0
INTC,Intel,2022-10-27,10.0,10.7,11.2,1
INTC,Intel,2023-01-26,7.0,-6.4,-11.0,1
INTC,Intel,2023-04-27,7.5,4.0,9.1,1
INTC,Intel,2023-07-27,7.2,6.6,7.1,0
INTC,Intel,2023-10-26,6.2,9.3,11.9,1
INTC,Intel,2024-01-25,7.7,-11.9,-12.5,1
INTC,Intel,2024-04-25,7.5,-9.2,-12.7,1
INTC,Intel,2024-08-01,8.5,-26.1,-29.7,1
INTC,Intel,2024-10-31,11.0,7.8,9.6,0
INTC,Intel,2025-01-30,10.6,-2.9,-3.1,0
INTC,Intel,2025-04-24,7.9,-6.7,-10.0,1
INTC,Intel,2025-07-24,7.9,-8.5,-10.0,1
INTC,Intel,2025-10-23,9.1,0.3,7.8,0
INTC,Intel,2026-01-22,9.2,-17.0,-18.2,1
INTC,Intel,2026-04-23,10.2,23.6,27.6,1
INTC,Intel,2026-07-23,12.2,-7.9,-8.6,0
INTU,Intuit,2022-08-23,6.0,3.6,8.5,1
INTU,Intuit,2022-11-29,6.2,7.3,8.4,1
INTU,Intuit,2023-02-23,5.3,1.9,4.4,0
INTU,Intuit,2023-05-23,4.5,-7.5,-8.1,1
INTU,Intuit,2023-08-23,4.4,-0.5,1.5,0
INTU,Intuit,2023-11-28,4.3,2.2,6.0,1
INTU,Intuit,2024-02-22,5.3,0.3,-1.8,0
INTU,Intuit,2024-05-23,5.0,-8.3,-9.3,1
INTU,Intuit,2024-08-22,5.5,-6.8,-8.3,1
INTU,Intuit,2024-11-21,5.8,-5.7,-5.8,1
INTU,Intuit,2025-02-25,6.8,12.6,15.0,1
INTU,Intuit,2025-05-22,5.4,8.1,10.2,1
INTU,Intuit,2025-08-21,6.1,-5.0,-7.9,1
INTU,Intuit,2025-11-20,6.2,4.0,7.0,1
INTU,Intuit,2026-02-26,7.1,3.7,3.9,0
INTU,Intuit,2026-05-20,8.6,-20.0,-21.2,1
INTU,Intuit,2026-08-25,9.5,-3.2,-9.8,1
ISRG,Intuitive Surgical,2022-07-21,5.6,-5.7,-9.5,1
ISRG,Intuitive Surgical,2022-10-18,7.0,9.0,14.1,1
ISRG,Intuitive Surgical,2023-01-24,5.5,-5.5,-7.4,1
ISRG,Intuitive Surgical,2023-04-18,5.1,10.9,13.2,1
ISRG,Intuitive Surgical,2023-07-20,5.9,-3.2,-5.2,0
ISRG,Intuitive Surgical,2023-10-19,7.5,-2.4,-6.1,0
ISRG,Intuitive Surgical,2024-01-23,5.5,-0.4,3.4,0
ISRG,Intuitive Surgical,2024-04-18,6.0,-1.7,4.3,0
ISRG,Intuitive Surgical,2024-07-18,6.2,9.3,9.8,1
ISRG,Intuitive Surgical,2024-10-17,6.0,10.0,10.5,1
ISRG,Intuitive Surgical,2025-01-23,5.5,-4.0,-5.8,1
ISRG,Intuitive Surgical,2025-04-22,7.9,1.9,8.1,1
ISRG,Intuitive Surgical,2025-07-22,6.6,-1.8,3.8,0
ISRG,Intuitive Surgical,2025-10-21,7.8,13.9,18.8,1
ISRG,Intuitive Surgical,2026-01-22,5.0,-0.3,2.7,0
ISRG,Intuitive Surgical,2026-04-21,7.5,7.2,8.8,1
ISRG,Intuitive Surgical,2026-07-16,7.8,-14.1,-14.4,1
JBL,Jabil,2022-09-27,10.8,2.2,4.8,0
JBL,Jabil,2022-12-15,5.9,-5.9,-6.0,1
JBL,Jabil,2023-03-16,5.5,-2.4,-7.7,1
JBL,Jabil,2023-06-15,6.2,5.0,5.9,0
JBL,Jabil,2023-09-28,7.2,18.8,19.8,1
JBL,Jabil,2023-12-14,5.3,13.1,13.8,1
JBL,Jabil,2024-03-15,8.0,-16.5,-17.9,1
JBL,Jabil,2024-06-20,9.0,-11.4,-12.0,1
JBL,Jabil,2024-09-26,10.6,11.7,14.6,1
JBL,Jabil,2024-12-18,9.6,7.3,12.0,1
JBL,Jabil,2025-03-20,8.7,3.1,6.3,0
JBL,Jabil,2025-06-17,7.9,8.9,12.8,1
JBL,Jabil,2025-09-25,12.1,-6.7,-9.6,0
JBL,Jabil,2025-12-17,8.2,1.8,9.5,1
JBL,Jabil,2026-03-18,8.9,-1.4,-8.8,0
JBL,Jabil,2026-06-17,10.3,-0.1,14.2,1
JEF,Jefferies Financial Group Inc,2022-06-27,9.0,1.0,4.0,0
JEF,Jefferies Financial Group Inc,2022-09-28,9.0,-2.1,-3.3,0
JEF,Jefferies Financial Group Inc,2023-01-09,7.2,3.8,4.5,0
JEF,Jefferies Financial Group Inc,2023-03-28,9.2,3.1,-3.5,0
JEF,Jefferies Financial Group Inc,2023-06-27,7.9,3.5,4.4,0
JEF,Jefferies Financial Group Inc,2023-09-27,7.9,1.9,-3.3,0
JEF,Jefferies Financial Group Inc,2024-01-08,5.4,-2.0,-3.7,0
JEF,Jefferies Financial Group Inc,2024-03-27,6.7,-4.4,-4.5,0
JEF,Jefferies Financial Group Inc,2024-06-26,6.3,6.3,8.1,1
JEF,Jefferies Financial Group Inc,2024-09-25,6.8,-1.3,-5.2,0
JEF,Jefferies Financial Group Inc,2025-01-08,5.8,-10.8,-12.5,1
JEF,Jefferies Financial Group Inc,2025-03-26,8.5,-9.9,-11.9,1
JEF,Jefferies Financial Group Inc,2025-06-25,9.1,0.3,-5.7,0
JEF,Jefferies Financial Group Inc,2025-09-29,9.5,-1.9,4.9,0
JEF,Jefferies Financial Group Inc,2026-06-24,9.3,-9.1,-11.1,1
JNJ,Johnson and Johnson,2022-10-18,2.6,-0.3,-2.1,0
JNJ,Johnson and Johnson,2023-01-24,2.5,0.0,4.0,1
JNJ,Johnson and Johnson,2023-04-18,2.3,-2.8,-3.6,1
JNJ,Johnson and Johnson,2023-07-20,2.4,6.1,6.6,1
JNJ,Johnson and Johnson,2023-10-17,2.5,-0.9,-1.9,0
JNJ,Johnson and Johnson,2024-01-23,2.4,-1.6,-3.4,1
JNJ,Johnson and Johnson,2024-04-16,2.7,-2.1,-2.8,1
JNJ,Johnson and Johnson,2024-07-17,2.7,3.7,4.3,1
JNJ,Johnson and Johnson,2024-10-15,2.7,1.5,3.2,1
JNJ,Johnson and Johnson,2025-01-22,2.5,-1.9,-4.1,1
JNJ,Johnson and Johnson,2025-04-15,2.7,-0.5,-1.5,0
JNJ,Johnson and Johnson,2025-07-16,2.5,6.2,7.1,1
JNJ,Johnson and Johnson,2025-10-14,3.3,0.0,-2.6,0
JNJ,Johnson and Johnson,2026-01-21,3.4,-0.1,-3.5,1
JNJ,Johnson and Johnson,2026-04-14,3.5,0.9,-2.0,0
JNJ,Johnson and Johnson,2026-07-15,3.3,-2.7,-3.1,0
JPM,JPMorgan Chase,2022-10-14,4.4,1.7,5.4,1
JPM,JPMorgan Chase,2023-01-13,3.1,2.5,-3.4,1
JPM,JPMorgan Chase,2023-04-14,3.0,7.6,7.9,1
JPM,JPMorgan Chase,2023-07-14,2.8,0.6,2.7,0
JPM,JPMorgan Chase,2023-10-13,3.0,1.5,5.0,1
JPM,JPMorgan Chase,2024-01-12,2.9,-0.7,3.5,1
JPM,JPMorgan Chase,2024-04-12,3.4,-6.5,-6.6,1
JPM,JPMorgan Chase,2024-07-12,2.8,-1.2,-2.6,0
JPM,JPMorgan Chase,2024-10-11,3.0,4.4,5.5,1
JPM,JPMorgan Chase,2025-01-15,3.6,2.0,2.5,0
JPM,JPMorgan Chase,2025-04-11,5.4,4.0,5.0,0
JPM,JPMorgan Chase,2025-07-15,3.5,-0.7,1.1,0
JPM,JPMorgan Chase,2025-10-14,4.1,-1.9,-4.5,1
JPM,JPMorgan Chase,2026-01-13,3.5,-4.2,-4.3,1
JPM,JPMorgan Chase,2026-04-14,3.4,-0.8,-1.5,0
JPM,JPMorgan Chase,2026-07-14,3.3,2.5,3.0,0
KBH,KBH,2022-09-21,12.4,-5.1,-5.4,0
KBH,KBH,2023-01-11,8.0,-2.9,-6.7,0
KBH,KBH,2023-03-22,10.5,7.5,10.1,0
KBH,KBH,2023-09-20,6.0,-4.3,-6.0,1
KBH,KBH,2024-01-10,6.0,-1.2,-4.2,0
KBH,KBH,2024-03-20,9.4,-1.8,3.0,0
KBH,KBH,2024-06-18,7.2,2.9,5.6,0
KBH,KBH,2024-09-24,9.2,-5.4,-6.9,0
KBH,KBH,2025-01-13,7.1,4.8,13.4,1
KBH,KBH,2025-03-24,9.4,-5.2,-8.7,0
KBH,KBH,2025-06-23,9.9,-0.5,-3.9,0
KBH,KBH,2025-09-24,9.2,-0.6,4.8,0
KBH,KBH,2025-12-18,5.8,-8.5,-10.2,1
KBH,KBH,2026-03-24,10.2,-1.5,-6.3,0
KBH,KBH,2026-06-23,10.5,16.7,18.2,1
KBH,KBH,2026-09-22,9.6,-3.0,-3.2,0
KEYS,Keysight Technologies,2022-08-17,4.3,5.9,6.7,1
KEYS,Keysight Technologies,2022-11-17,5.8,3.5,4.7,0
KEYS,Keysight Technologies,2023-02-21,6.7,-12.7,-17.3,1
KEYS,Keysight Technologies,2023-05-16,8.5,7.6,10.3,1
KEYS,Keysight Technologies,2023-08-17,6.7,-13.8,-16.1,1
KEYS,Keysight Technologies,2023-11-20,8.4,-0.3,2.7,0
KEYS,Keysight Technologies,2024-02-20,9.1,-6.7,-10.5,1
KEYS,Keysight Technologies,2024-05-20,8.4,-8.4,-10.8,1
KEYS,Keysight Technologies,2024-08-20,8.8,13.9,14.0,1
KEYS,Keysight Technologies,2024-11-19,10.4,8.8,10.7,1
KEYS,Keysight Technologies,2025-02-25,9.5,-6.9,-8.2,0
KEYS,Keysight Technologies,2025-05-20,9.6,-0.2,7.5,0
KEYS,Keysight Technologies,2025-08-19,9.6,-3.0,-6.5,0
KEYS,Keysight Technologies,2025-11-24,9.5,10.0,13.4,1
KEYS,Keysight Technologies,2026-02-23,10.8,23.1,24.6,1
KEYS,Keysight Technologies,2026-05-19,15.1,-0.6,-5.0,0
KEYS,Keysight Technologies,2026-08-18,9.3,-6.3,-7.8,0
KMX,CarMax Group,2022-06-24,12.4,7.2,8.1,0
KMX,CarMax Group,2022-09-29,12.8,-24.6,-25.4,1
KMX,CarMax Group,2022-12-22,14.5,-3.7,-12.2,0
KMX,CarMax Group,2023-04-11,11.2,9.6,11.7,1
KMX,CarMax Group,2023-06-23,9.6,10.1,11.2,1
KMX,CarMax Group,2023-09-28,8.9,-13.4,-13.5,1
KMX,CarMax Group,2023-12-21,9.5,5.2,12.7,1
KMX,CarMax Group,2024-04-11,8.8,-9.2,-13.6,1
KMX,CarMax Group,2024-06-21,10.6,0.4,4.9,0
KMX,CarMax Group,2024-09-26,12.3,5.0,7.0,0
KMX,CarMax Group,2024-12-19,8.7,3.5,12.1,1
KMX,CarMax Group,2025-04-10,9.6,-17.0,-21.0,1
KMX,CarMax Group,2025-06-20,9.3,6.6,9.5,1
KMX,CarMax Group,2025-09-25,12.8,-20.1,-25.1,1
KMX,CarMax Group,2025-12-18,9.4,-4.2,-6.6,0
KMX,CarMax Group,2026-04-14,10.7,-15.1,-17.4,1
KMX,CarMax Group,2026-06-17,12.3,-9.0,-10.6,0
KO,Coca-Cola,2022-04-25,3.2,1.1,3.0,0
KO,Coca-Cola,2022-07-26,3.0,1.6,2.6,0
KO,Coca-Cola,2022-10-25,3.5,2.4,2.7,0
KO,Coca-Cola,2023-02-14,2.9,-1.7,-1.7,0
KO,Coca-Cola,2023-04-24,2.0,-0.2,1.5,0
KO,Coca-Cola,2023-07-26,2.1,1.3,1.5,0
KO,Coca-Cola,2023-10-24,2.7,2.9,3.9,1
KO,Coca-Cola,2024-02-13,2.7,-0.6,1.6,0
KO,Coca-Cola,2024-04-30,2.0,-0.4,1.3,0
KO,Coca-Cola,2024-07-23,2.2,0.3,2.0,0
KO,Coca-Cola,2024-10-23,2.5,-2.1,-4.1,1
KO,Coca-Cola,2025-02-11,3.0,4.7,4.8,1
KO,Coca-Cola,2025-04-29,3.4,0.8,-2.1,0
KO,Coca-Cola,2025-07-22,2.6,-0.6,-2.0,0
KO,Coca-Cola,2025-10-21,2.7,4.1,4.3,1
KO,Coca-Cola,2026-02-10,3.0,-1.5,-2.5,0
KO,Coca-Cola,2026-07-28,3.2,5.0,7.3,1
KR,KR,2022-09-09,6.7,7.4,7.5,1
KR,KR,2022-12-01,6.0,-1.6,-3.1,0
KR,KR,2023-03-02,4.8,5.4,7.5,1
KR,KR,2023-06-15,5.5,-2.7,-7.7,1
KR,KR,2023-09-08,4.2,3.1,6.0,1
KR,KR,2023-11-30,5.3,1.4,3.0,0
KR,KR,2024-03-07,5.4,9.9,10.0,1
KR,KR,2024-06-20,5.7,-3.3,-4.3,0
KR,KR,2024-09-12,6.0,7.2,7.3,1
KR,KR,2024-12-05,5.7,1.3,2.4,0
KR,KR,2025-03-06,5.2,2.0,5.3,1
KR,KR,2025-06-20,4.6,9.8,10.2,1
KR,KR,2025-09-11,6.5,0.3,4.3,0
KR,KR,2025-12-04,5.4,-4.6,-7.9,1
KR,KR,2026-03-05,5.2,5.3,5.7,1
KR,KR,2026-06-18,4.5,-8.4,-8.9,1
KR,KR,2026-09-11,5.2,2.7,4.5,0
LEN,Lennar,2022-09-21,5.7,2.0,3.6,0
LEN,Lennar,2022-12-14,5.0,3.8,4.4,0
LEN,Lennar,2023-03-14,5.7,-0.6,3.2,0
LEN,Lennar,2023-06-14,4.9,4.4,4.9,1
LEN,Lennar,2023-09-13,4.6,1.5,1.6,0
LEN,Lennar,2023-12-14,4.7,-3.6,-7.0,1
LEN,Lennar,2024-03-13,5.6,-7.6,-8.0,1
LEN,Lennar,2024-06-17,7.1,-5.0,-5.4,0
LEN,Lennar,2024-09-19,5.4,-5.3,-5.8,1
LEN,Lennar,2024-12-18,6.3,-5.2,-7.3,1
LEN,Lennar,2025-03-20,6.8,-4.0,-7.3,1
LEN,Lennar,2025-06-16,7.1,-4.5,-4.7,0
LEN,Lennar,2025-09-18,6.1,-4.2,-5.8,0
LEN,Lennar,2025-12-16,5.4,-4.5,-6.4,1
LEN,Lennar,2026-03-12,4.2,2.6,4.3,1
LEN,Lennar,2026-06-11,5.9,-4.9,-5.6,0
LEN,Lennar,2026-09-16,6.2,1.7,3.4,0
LEVI,Levi Strauss and Co,2022-07-07,10.1,1.0,6.6,0
LEVI,Levi Strauss and Co,2022-10-06,10.2,-11.7,-14.2,1
LEVI,Levi Strauss and Co,2023-01-25,10.2,7.5,8.2,0
LEVI,Levi Strauss and Co,2023-04-06,8.9,-16.0,-16.6,1
LEVI,Levi Strauss and Co,2023-07-06,9.3,-7.7,-8.9,0
LEVI,Levi Strauss and Co,2023-10-05,10.6,-0.8,-6.0,0
LEVI,Levi Strauss and Co,2024-01-25,9.5,1.3,11.0,1
LEVI,Levi Strauss and Co,2024-04-03,12.1,12.4,20.0,1
LEVI,Levi Strauss and Co,2024-06-26,10.9,-15.4,-18.1,1
LEVI,Levi Strauss and Co,2024-10-02,10.8,-7.7,-11.7,1
LEVI,Levi Strauss and Co,2025-01-29,9.7,4.2,-7.3,0
LEVI,Levi Strauss and Co,2025-04-07,17.4,-8.0,16.4,0
LEVI,Levi Strauss and Co,2025-07-10,10.3,11.3,12.5,1
LEVI,Levi Strauss and Co,2025-10-09,10.9,-12.6,-14.0,1
LEVI,Levi Strauss and Co,2026-01-28,8.4,0.3,-6.7,0
LEVI,Levi Strauss and Co,2026-07-08,8.9,-1.2,-3.8,0
LITE,Lumentum Holdings,2022-08-16,7.4,-6.9,-7.7,1
LITE,Lumentum Holdings,2022-11-08,8.1,-16.2,-16.6,1
LITE,Lumentum Holdings,2023-02-09,9.3,-1.4,-6.0,0
LITE,Lumentum Holdings,2023-05-09,9.2,-4.0,-6.0,0
LITE,Lumentum Holdings,2023-08-17,11.7,-1.3,4.7,0
LITE,Lumentum Holdings,2023-11-08,10.8,2.0,10.4,0
LITE,Lumentum Holdings,2024-02-08,12.5,-22.4,-22.8,1
LITE,Lumentum Holdings,2024-05-06,13.4,-6.1,9.1,0
LITE,Lumentum Holdings,2024-08-14,11.8,14.8,17.3,1
LITE,Lumentum Holdings,2024-11-07,12.2,13.9,19.5,1
LITE,Lumentum Holdings,2025-02-06,14.1,-7.3,-9.0,0
LITE,Lumentum Holdings,2025-05-06,14.3,2.8,-6.3,0
LITE,Lumentum Holdings,2025-08-12,11.8,0.5,8.6,0
LITE,Lumentum Holdings,2025-11-04,13.4,23.6,27.8,1
LITE,Lumentum Holdings,2026-02-03,16.3,7.0,16.0,0
LITE,Lumentum Holdings,2026-05-05,11.5,-5.1,-9.3,0
LOW,Lowe's,2022-08-17,5.7,0.6,3.3,0
LOW,Lowe's,2022-11-16,5.3,3.0,6.0,1
LOW,Lowe's,2023-03-01,4.4,-5.6,-7.0,1
LOW,Lowe's,2023-05-23,4.6,1.7,3.2,0
LOW,Lowe's,2023-08-22,3.8,3.7,4.5,1
LOW,Lowe's,2023-11-21,4.5,-3.1,-3.8,0
LOW,Lowe's,2024-02-27,4.1,1.8,3.5,0
LOW,Lowe's,2024-05-21,4.2,-1.9,-3.4,0
LOW,Lowe's,2024-08-20,4.2,-1.2,-1.9,0
LOW,Lowe's,2024-11-19,3.8,-4.6,-4.9,1
LOW,Lowe's,2025-02-26,4.3,1.9,4.4,1
LOW,Lowe's,2025-05-21,3.9,-1.7,-2.6,0
LOW,Lowe's,2025-08-20,3.7,0.3,4.4,1
LOW,Lowe's,2025-11-19,3.9,4.0,6.1,1
LOW,Lowe's,2026-02-25,4.0,-5.6,-5.8,1
LOW,Lowe's,2026-05-20,4.8,1.2,-4.7,0
LOW,Lowe's,2026-08-19,4.3,2.0,4.7,1
LUNR,Intuitive Machines,2024-03-25,8.8,15.9,18.9,1
LUNR,Intuitive Machines,2024-05-14,12.4,-6.1,-6.9,0
LUNR,Intuitive Machines,2024-08-13,15.3,-1.3,-8.6,0
LUNR,Intuitive Machines,2024-11-15,8.3,21.4,23.5,1
LUNR,Intuitive Machines,2025-03-25,8.0,-4.5,-7.0,0
LUNR,Intuitive Machines,2025-05-13,9.0,22.4,34.7,1
LUNR,Intuitive Machines,2025-08-07,4.5,-4.3,-6.0,1
LUNR,Intuitive Machines,2025-11-13,5.4,10.0,11.4,1
LUNR,Intuitive Machines,2026-03-19,13.1,4.4,-9.7,0
LW,Lamb Weston Holdings Inc,2022-07-27,8.4,2.6,3.0,0
LW,Lamb Weston Holdings Inc,2022-10-05,7.9,4.2,6.1,0
LW,Lamb Weston Holdings Inc,2023-01-05,7.0,9.8,10.7,1
LW,Lamb Weston Holdings Inc,2023-04-06,7.0,2.6,5.3,0
LW,Lamb Weston Holdings Inc,2023-07-25,6.5,-6.8,-8.9,1
LW,Lamb Weston Holdings Inc,2023-10-05,8.4,8.0,12.5,1
LW,Lamb Weston Holdings Inc,2024-01-04,6.1,0.3,6.6,1
LW,Lamb Weston Holdings Inc,2024-04-04,8.7,-19.4,-20.9,1
LW,Lamb Weston Holdings Inc,2024-07-24,10.4,-28.2,-28.5,1
LW,Lamb Weston Holdings Inc,2024-10-01,11.4,2.6,5.0,0
LW,Lamb Weston Holdings Inc,2024-12-19,8.6,-20.1,-23.3,1
LW,Lamb Weston Holdings Inc,2025-04-03,11.3,10.0,12.5,1
LW,Lamb Weston Holdings Inc,2025-07-23,11.5,16.3,21.0,1
LW,Lamb Weston Holdings Inc,2025-09-30,12.0,4.3,8.9,0
LW,Lamb Weston Holdings Inc,2025-12-19,7.0,-25.9,-26.3,1
LW,Lamb Weston Holdings Inc,2026-04-01,12.1,-8.9,-9.7,0
LW,Lamb Weston Holdings Inc,2026-07-24,9.5,0.8,-7.8,0
M,M,2022-05-26,13.0,19.3,19.7,1
M,M,2022-08-23,12.4,3.8,8.8,0
M,M,2022-11-17,12.7,15.0,15.4,1
M,M,2023-03-02,7.7,11.1,13.5,1
M,M,2023-06-01,11.6,1.2,-5.8,0
M,M,2023-08-22,11.3,-14.1,-14.7,1
M,M,2023-11-16,13.2,5.7,14.4,1
M,M,2024-02-27,10.9,3.4,7.6,0
M,M,2024-05-21,9.3,5.1,5.3,0
M,M,2024-08-21,10.0,-12.9,-14.0,1
M,M,2024-12-11,9.9,-0.8,-12.5,1
M,M,2025-03-06,10.6,-0.7,-5.3,0
M,M,2025-05-28,8.6,-0.3,-4.5,0
M,M,2025-09-03,9.0,20.7,21.8,1
M,M,2025-12-03,11.4,-1.1,-5.8,0
M,M,2026-03-18,11.2,4.7,9.3,0
M,M,2026-06-03,8.7,0.6,5.7,0
M,M,2026-09-10,8.2,-4.7,-8.1,0
MANU,MANU,2022-05-26,6.1,-3.8,-19.2,1
MANU,MANU,2022-09-22,9.3,1.1,-3.3,0
MANU,MANU,2022-12-08,7.3,-6.9,-7.5,1
MANU,MANU,2023-03-30,8.0,2.0,3.4,0
MANU,MANU,2023-06-27,11.6,7.4,8.3,0
MANU,MANU,2023-10-26,4.8,-0.1,-3.7,0
MANU,MANU,2024-01-17,1.8,-5.8,-6.5,1
MANU,MANU,2024-03-12,6.0,1.1,2.2,0
MANU,MANU,2024-07-10,4.9,5.6,5.8,1
MANU,MANU,2024-09-11,4.6,-4.6,-10.1,1
MANU,MANU,2024-11-26,5.3,-1.6,-2.4,0
MANU,MANU,2025-02-19,7.7,-3.8,-5.0,0
MANU,MANU,2025-06-06,3.6,18.8,19.3,1
MANU,MANU,2025-09-17,7.9,-6.3,-11.1,1
MANU,MANU,2026-05-27,9.9,12.7,16.3,1
MDB,MongoDB,2022-08-31,11.7,-25.3,-26.1,1
MDB,MongoDB,2022-12-06,16.4,23.2,29.1,1
MDB,MongoDB,2023-03-08,14.1,-8.4,-12.0,0
MDB,MongoDB,2023-06-01,12.0,28.0,35.4,1
MDB,MongoDB,2023-08-31,11.0,3.0,8.6,0
MDB,MongoDB,2023-12-05,10.9,-10.7,-10.7,0
MDB,MongoDB,2024-03-07,13.9,-6.9,-8.3,0
MDB,MongoDB,2024-05-30,11.9,-23.9,-27.3,1
MDB,MongoDB,2024-08-29,13.7,18.3,19.4,1
MDB,MongoDB,2024-12-09,15.0,-16.9,-17.3,1
MDB,MongoDB,2025-03-05,13.5,-26.9,-27.0,1
MDB,MongoDB,2025-06-04,13.7,12.8,18.8,1
MDB,MongoDB,2025-08-26,16.0,38.0,38.7,1
MDB,MongoDB,2025-12-01,13.4,22.2,27.6,1
MDB,MongoDB,2026-03-02,15.6,-22.2,-29.4,1
MDB,MongoDB,2026-05-28,17.4,3.0,8.3,0
MDB,MongoDB,2026-09-01,16.0,-13.5,-14.6,0
MDT,Medtronic PLC,2022-08-23,3.7,-3.1,-4.0,1
MDT,Medtronic PLC,2022-11-22,3.8,-5.3,-6.9,1
MDT,Medtronic PLC,2023-02-21,4.3,0.8,2.1,0
MDT,Medtronic PLC,2023-05-25,3.4,-4.5,-5.9,1
MDT,Medtronic PLC,2023-08-22,4.1,2.6,3.9,0
MDT,Medtronic PLC,2023-11-21,3.7,4.6,4.9,1
MDT,Medtronic PLC,2024-02-20,3.9,1.7,3.3,0
MDT,Medtronic PLC,2024-05-23,4.2,-5.1,-5.3,1
MDT,Medtronic PLC,2024-08-20,3.9,0.7,3.4,0
MDT,Medtronic PLC,2024-11-19,3.9,-3.0,-3.5,0
MDT,Medtronic PLC,2025-02-18,3.6,-7.3,-8.4,1
MDT,Medtronic PLC,2025-05-21,4.2,-2.3,-2.5,0
MDT,Medtronic PLC,2025-08-19,5.7,-3.1,-5.7,1
MDT,Medtronic PLC,2025-11-18,3.9,4.7,6.4,1
MDT,Medtronic PLC,2026-02-17,4.9,-3.1,-4.0,0
MDT,Medtronic PLC,2026-06-03,5.2,5.7,6.3,1
MDT,Medtronic PLC,2026-09-01,5.4,1.5,5.3,0
META,Meta Platforms,2022-07-27,9.5,-5.2,-8.7,0
META,Meta Platforms,2022-10-26,11.9,-24.6,-25.8,1
META,Meta Platforms,2023-02-01,9.1,23.3,28.8,1
META,Meta Platforms,2023-04-26,9.1,13.9,15.4,1
META,Meta Platforms,2023-07-26,8.9,4.4,9.0,1
META,Meta Platforms,2023-10-25,9.1,-3.7,-6.7,0
META,Meta Platforms,2024-02-01,6.1,20.3,23.1,1
META,Meta Platforms,2024-04-24,9.0,-10.6,-16.0,1
META,Meta Platforms,2024-07-31,8.5,4.8,11.0,1
META,Meta Platforms,2024-10-30,8.8,-4.1,-4.9,0
META,Meta Platforms,2025-01-29,7.5,1.6,5.1,0
META,Meta Platforms,2025-04-30,7.1,4.2,8.0,1
META,Meta Platforms,2025-07-30,6.0,11.3,12.9,1
META,Meta Platforms,2026-01-28,6.9,10.4,11.3,1
META,Meta Platforms,2026-04-29,7.6,-8.6,-10.3,1
META,Meta Platforms,2026-07-29,8.7,-8.0,-10.4,1
MKC,McCormick and Co,2022-06-29,4.9,-1.4,-4.8,0
MKC,McCormick and Co,2022-10-06,6.9,-1.2,6.4,0
MKC,McCormick and Co,2023-01-26,6.1,-5.8,-7.3,1
MKC,McCormick and Co,2023-03-28,5.7,9.6,13.3,1
MKC,McCormick and Co,2023-06-29,6.1,-5.5,-6.1,1
MKC,McCormick and Co,2023-10-03,6.2,-8.5,-10.9,1
MKC,McCormick and Co,2024-01-25,7.0,4.3,5.7,0
MKC,McCormick and Co,2024-03-26,7.4,10.5,11.2,1
MKC,McCormick and Co,2024-06-27,7.4,4.3,6.6,0
MKC,McCormick and Co,2024-10-01,5.9,2.2,3.0,0
MKC,McCormick and Co,2025-01-23,5.9,2.1,4.1,0
MKC,McCormick and Co,2025-03-25,5.9,-0.1,-5.3,0
MKC,McCormick and Co,2025-06-26,6.2,5.3,6.1,0
MKC,McCormick and Co,2025-10-07,6.5,-3.9,-3.9,0
MKC,McCormick and Co,2026-01-22,7.0,-8.1,-9.0,1
MKC,McCormick and Co,2026-03-31,9.4,-6.1,-10.1,1
MKC,McCormick and Co,2026-06-25,10.5,1.6,5.6,0
MNDY,monday.com,2022-08-08,19.7,17.8,23.2,1
MNDY,monday.com,2022-11-14,18.7,7.3,22.4,1
MNDY,monday.com,2023-02-13,15.4,10.9,15.7,1
MNDY,monday.com,2023-05-15,12.2,16.6,16.7,1
MNDY,monday.com,2023-08-14,12.9,8.5,12.8,0
MNDY,monday.com,2023-11-13,14.1,10.5,15.2,1
MNDY,monday.com,2024-02-12,14.1,-10.1,-16.5,1
MNDY,monday.com,2024-05-15,13.9,21.4,24.5,1
MNDY,monday.com,2024-08-12,13.5,14.8,15.5,1
MNDY,monday.com,2024-11-11,13.4,-15.1,-21.1,1
MNDY,monday.com,2025-02-10,16.0,26.5,32.7,1
MNDY,monday.com,2025-05-12,13.8,0.3,4.2,0
MNDY,monday.com,2025-08-11,15.7,-29.8,-30.2,1
MNDY,monday.com,2025-11-10,15.3,-12.3,-20.4,1
MNDY,monday.com,2026-02-09,19.0,-20.8,-25.5,1
MNDY,monday.com,2026-05-11,19.1,6.7,22.8,1
MNDY,monday.com,2026-08-10,22.1,-4.8,-13.9,0
MRVL,Marvell Technology Group Ltd,2022-08-25,7.8,-8.9,-9.3,1
MRVL,Marvell Technology Group Ltd,2022-12-01,8.9,-1.5,-9.7,1
MRVL,Marvell Technology Group Ltd,2023-03-02,7.2,-4.7,-11.1,1
MRVL,Marvell Technology Group Ltd,2023-05-25,9.3,32.4,32.9,1
MRVL,Marvell Technology Group Ltd,2023-08-24,8.0,-6.6,-8.8,1
MRVL,Marvell Technology Group Ltd,2023-11-30,8.0,-5.3,-9.4,1
MRVL,Marvell Technology Group Ltd,2024-03-07,12.6,-11.4,-11.4,0
MRVL,Marvell Technology Group Ltd,2024-05-30,8.6,-10.5,-12.7,1
MRVL,Marvell Technology Group Ltd,2024-08-29,8.7,9.2,13.1,1
MRVL,Marvell Technology Group Ltd,2024-12-03,9.2,23.2,25.0,1
MRVL,Marvell Technology Group Ltd,2025-03-05,11.6,-19.8,-20.5,1
MRVL,Marvell Technology Group Ltd,2025-05-29,10.3,-5.6,-8.0,0
MRVL,Marvell Technology Group Ltd,2025-08-28,9.1,-18.6,-18.9,1
MRVL,Marvell Technology Group Ltd,2025-12-02,11.6,7.9,9.9,0
MRVL,Marvell Technology Group Ltd,2026-03-05,10.1,18.4,23.4,1
MRVL,Marvell Technology Group Ltd,2026-05-27,13.0,3.1,4.4,0
MRVL,Marvell Technology Group Ltd,2026-08-27,10.4,-10.3,-10.7,1
MS,Morgan Stanley,2022-10-14,4.0,-5.1,-5.7,1
MS,Morgan Stanley,2023-01-17,3.5,5.9,8.1,1
MS,Morgan Stanley,2023-04-19,3.8,0.7,-3.7,0
MS,Morgan Stanley,2023-07-18,3.5,6.4,7.2,1
MS,Morgan Stanley,2023-10-18,3.8,-6.8,-8.6,1
MS,Morgan Stanley,2024-01-16,3.6,-4.2,-5.5,1
MS,Morgan Stanley,2024-04-16,4.6,2.5,4.7,1
MS,Morgan Stanley,2024-07-16,3.5,0.9,3.7,1
MS,Morgan Stanley,2024-10-16,3.9,6.5,8.2,1
MS,Morgan Stanley,2025-01-16,3.7,4.0,4.3,1
MS,Morgan Stanley,2025-04-11,6.3,1.4,-3.5,0
MS,Morgan Stanley,2025-07-16,3.7,-1.3,-4.5,1
MS,Morgan Stanley,2025-10-15,4.2,4.7,7.4,1
MS,Morgan Stanley,2026-01-15,3.6,5.8,6.3,1
MS,Morgan Stanley,2026-04-15,3.4,4.5,6.1,1
MS,Morgan Stanley,2026-07-15,4.4,0.4,-2.8,0
MSFT,Microsoft,2022-07-26,5.4,6.7,7.2,1
MSFT,Microsoft,2022-10-25,4.7,-7.7,-8.2,1
MSFT,Microsoft,2023-01-24,5.0,-0.6,-4.6,0
MSFT,Microsoft,2023-04-25,4.2,7.2,8.8,1
MSFT,Microsoft,2023-07-25,5.6,-3.8,-5.1,0
MSFT,Microsoft,2023-10-24,4.6,3.1,4.7,1
MSFT,Microsoft,2024-01-30,4.7,-2.7,-2.8,0
MSFT,Microsoft,2024-04-25,5.4,1.8,3.5,0
MSFT,Microsoft,2024-07-30,5.5,-1.1,-2.5,0
MSFT,Microsoft,2024-10-30,4.6,-6.1,-6.1,1
MSFT,Microsoft,2025-01-29,4.3,-6.2,-6.6,1
MSFT,Microsoft,2025-04-30,4.4,7.6,10.6,1
MSFT,Microsoft,2025-07-30,3.7,3.9,8.2,1
MSFT,Microsoft,2025-10-29,5.2,-2.9,-3.6,0
MSFT,Microsoft,2026-01-28,5.4,-10.0,-12.6,1
MSFT,Microsoft,2026-04-29,6.5,-3.9,-6.2,0
MSFT,Microsoft,2026-07-29,6.8,15.5,17.5,1
MSTR,MicroStrategy,2022-08-02,10.7,12.7,16.6,1
MSTR,MicroStrategy,2022-11-01,9.1,-3.5,8.4,0
MSTR,MicroStrategy,2023-02-02,6.6,-2.5,-4.7,0
MSTR,MicroStrategy,2023-05-01,7.8,6.7,8.3,1
MSTR,MicroStrategy,2023-08-01,6.0,-6.4,-7.8,1
MSTR,MicroStrategy,2023-11-01,5.6,6.3,6.4,1
MSTR,MicroStrategy,2024-02-06,5.7,2.0,-6.1,1
MSTR,MicroStrategy,2024-04-29,9.9,-17.6,-17.8,1
MSTR,MicroStrategy,2024-08-01,5.3,-4.2,-6.3,1
MSTR,MicroStrategy,2024-10-30,7.7,-1.1,-4.2,0
MSTR,MicroStrategy,2025-02-05,7.1,-3.3,-4.7,0
MSTR,MicroStrategy,2025-05-01,3.7,3.3,5.3,1
MSTR,MicroStrategy,2025-07-31,4.3,-8.8,-9.0,1
MSTR,MicroStrategy,2025-10-30,5.0,5.9,8.5,1
MSTR,MicroStrategy,2026-02-05,12.3,26.1,26.8,1
MSTR,MicroStrategy,2026-05-05,7.3,0.0,-4.3,0
MSTR,MicroStrategy,2026-07-30,5.1,-4.6,-8.7,1
MTB,M&T Bank Corporation,2022-10-19,4.0,-13.9,-14.6,1
MTB,M&T Bank Corporation,2023-01-19,5.4,5.5,6.6,1
MTB,M&T Bank Corporation,2023-04-17,7.8,7.8,7.9,1
MTB,M&T Bank Corporation,2023-07-19,4.9,2.5,4.8,0
MTB,M&T Bank Corporation,2023-10-18,4.6,-2.5,-3.0,0
MTB,M&T Bank Corporation,2024-01-18,3.4,1.5,2.0,0
MTB,M&T Bank Corporation,2024-04-15,5.5,4.7,8.1,1
MTB,M&T Bank Corporation,2024-07-18,3.7,1.7,6.3,1
MTB,M&T Bank Corporation,2024-10-17,4.5,5.0,6.1,1
MTB,M&T Bank Corporation,2025-01-16,4.3,-2.4,-3.9,0
MTB,M&T Bank Corporation,2025-04-14,7.2,0.3,2.6,0
MTB,M&T Bank Corporation,2025-07-16,4.2,-2.4,-3.0,0
MTB,M&T Bank Corporation,2025-10-16,4.4,-3.5,-5.6,1
MTB,M&T Bank Corporation,2026-01-16,3.7,-0.1,-3.3,0
MTB,M&T Bank Corporation,2026-04-15,3.8,-1.5,-3.3,0
MTB,M&T Bank Corporation,2026-07-15,4.2,2.8,2.8,0
MTN,Vail Resorts Inc,2022-09-28,10.3,1.6,5.6,0
MTN,Vail Resorts Inc,2022-12-08,6.1,3.0,4.3,0
MTN,Vail Resorts Inc,2023-03-09,6.3,-3.3,-6.0,0
MTN,Vail Resorts Inc,2023-06-08,5.3,-7.1,-8.0,1
MTN,Vail Resorts Inc,2023-09-28,6.1,-8.4,-8.5,1
MTN,Vail Resorts Inc,2023-12-07,5.6,4.1,5.0,0
MTN,Vail Resorts Inc,2024-03-11,6.4,0.7,-4.3,0
MTN,Vail Resorts Inc,2024-06-06,7.3,-10.3,-14.9,1
MTN,Vail Resorts Inc,2024-09-26,8.9,-3.9,-7.7,0
MTN,Vail Resorts Inc,2024-12-09,7.6,2.5,4.6,0
MTN,Vail Resorts Inc,2025-03-10,8.3,7.7,8.9,1
MTN,Vail Resorts Inc,2025-06-05,7.3,-2.9,-4.8,0
MTN,Vail Resorts Inc,2025-09-29,9.2,1.0,-5.8,0
MTN,Vail Resorts Inc,2025-12-10,8.1,9.3,11.0,1
MTN,Vail Resorts Inc,2026-03-09,10.0,0.9,3.4,0
MTN,Vail Resorts Inc,2026-06-08,9.0,-4.3,-8.4,0
MU,Micron Technology,2022-09-29,6.0,0.2,4.1,0
MU,Micron Technology,2022-12-21,5.8,-3.4,-5.4,0
MU,Micron Technology,2023-03-28,6.3,7.2,8.7,1
MU,Micron Technology,2023-06-28,6.3,-4.1,-5.2,0
MU,Micron Technology,2023-09-27,5.4,-4.4,-6.4,1
MU,Micron Technology,2023-12-20,5.8,8.6,9.3,1
MU,Micron Technology,2024-03-20,10.1,14.1,17.9,1
MU,Micron Technology,2024-06-26,12.2,-7.1,-7.9,0
MU,Micron Technology,2024-09-25,10.0,14.7,19.9,1
MU,Micron Technology,2024-12-18,12.7,-16.2,-18.6,1
MU,Micron Technology,2025-03-20,9.2,-8.0,-9.0,0
MU,Micron Technology,2025-06-25,8.0,-1.0,-2.7,0
MU,Micron Technology,2025-09-23,10.0,-2.8,-4.9,0
MU,Micron Technology,2025-12-17,8.9,10.2,16.9,1
MU,Micron Technology,2026-03-18,7.8,-3.8,-8.8,1
MU,Micron Technology,2026-06-24,11.2,15.7,19.7,1
NBIS,Nebius Group,2025-02-20,17.0,3.2,-14.1,0
NBIS,Nebius Group,2025-05-20,8.8,-0.6,5.8,0
NBIS,Nebius Group,2025-08-07,10.4,18.6,28.0,1
NBIS,Nebius Group,2025-11-11,13.8,-7.0,-9.2,0
NBIS,Nebius Group,2026-02-12,11.1,1.3,-10.1,0
NBIS,Nebius Group,2026-05-13,11.4,15.7,21.3,1
NEM,Newmont Corporation,2022-07-25,4.4,-13.2,-14.4,1
NEM,Newmont Corporation,2022-11-01,5.5,-1.4,2.2,0
NEM,Newmont Corporation,2023-02-23,3.6,0.1,-1.9,0
NEM,Newmont Corporation,2023-04-27,3.3,2.4,2.4,0
NEM,Newmont Corporation,2023-07-20,3.3,-6.0,-6.0,1
NEM,Newmont Corporation,2023-10-26,4.4,2.0,3.7,0
NEM,Newmont Corporation,2024-02-22,4.9,-7.6,-8.1,1
NEM,Newmont Corporation,2024-04-25,4.0,12.5,13.8,1
NEM,Newmont Corporation,2024-07-24,5.1,-4.2,-6.1,1
NEM,Newmont Corporation,2024-10-23,4.6,-14.7,-15.3,1
NEM,Newmont Corporation,2025-02-20,5.9,-5.7,-6.1,1
NEM,Newmont Corporation,2025-04-23,6.3,4.8,4.9,0
NEM,Newmont Corporation,2025-07-24,5.1,6.9,8.2,1
NEM,Newmont Corporation,2025-10-23,5.5,-6.2,-8.6,1
NEM,Newmont Corporation,2026-02-19,5.3,-2.6,-5.4,1
NEM,Newmont Corporation,2026-04-23,5.7,8.7,8.8,1
NEM,Newmont Corporation,2026-07-23,5.0,-1.6,-2.3,0
NFLX,Netflix,2022-10-18,12.3,13.1,16.0,1
NFLX,Netflix,2023-01-19,9.1,8.5,8.9,0
NFLX,Netflix,2023-04-18,8.8,-3.2,-5.3,0
NFLX,Netflix,2023-07-19,8.9,-8.4,-9.5,1
NFLX,Netflix,2023-10-18,8.7,16.1,18.1,1
NFLX,Netflix,2024-01-23,8.2,10.7,14.3,1
NFLX,Netflix,2024-04-18,8.8,-9.1,-9.6,1
NFLX,Netflix,2024-07-18,8.9,-1.5,5.6,0
NFLX,Netflix,2024-10-17,7.4,11.1,11.4,1
NFLX,Netflix,2025-01-21,8.4,9.7,14.9,1
NFLX,Netflix,2025-04-17,8.7,1.5,4.7,0
NFLX,Netflix,2025-07-17,6.4,-5.1,-5.7,0
NFLX,Netflix,2025-10-21,7.1,-10.1,-10.4,1
NFLX,Netflix,2026-01-20,8.2,-2.2,-6.1,0
NFLX,Netflix,2026-04-16,7.3,-9.7,-11.8,1
NFLX,Netflix,2026-07-16,9.4,-7.3,-12.5,1
NG,NextGen Healthcare,2021-03-31,9.5,6.3,6.3,0
NG,NextGen Healthcare,2021-06-29,7.5,0.3,-1.8,0
NG,NextGen Healthcare,2021-09-29,10.3,3.9,5.4,0
NG,NextGen Healthcare,2022-04-05,8.4,-0.5,-1.8,0
NG,NextGen Healthcare,2022-06-29,10.6,-10.4,-11.0,1
NG,NextGen Healthcare,2022-10-04,10.9,-6.1,-7.9,0
NG,NextGen Healthcare,2023-01-25,9.4,-6.5,-7.5,0
NG,NextGen Healthcare,2023-04-04,11.3,-7.9,-11.0,0
NG,NextGen Healthcare,2024-10-02,11.7,-13.3,-13.9,1
NG,NextGen Healthcare,2025-04-01,12.3,2.1,6.7,0
NG,NextGen Healthcare,2025-06-25,13.3,-5.1,-7.4,0
NG,NextGen Healthcare,2025-10-01,13.4,15.0,15.5,1
NG,NextGen Healthcare,2026-01-22,15.5,5.0,13.0,0
NG,NextGen Healthcare,2026-04-01,14.3,4.2,9.1,0
NG,NextGen Healthcare,2026-06-24,15.4,-14.1,-15.8,1
NKE,Nike,2022-09-29,7.7,-12.8,-13.5,1
NKE,Nike,2022-12-20,8.0,12.2,15.5,1
NKE,Nike,2023-03-21,8.1,-4.9,-5.0,0
NKE,Nike,2023-06-29,6.2,-2.6,-3.1,0
NKE,Nike,2023-09-28,6.0,6.7,11.0,1
NKE,Nike,2023-12-21,6.8,-11.8,-12.3,1
NKE,Nike,2024-03-21,8.2,-6.9,-9.0,1
NKE,Nike,2024-06-27,8.4,-20.0,-20.9,1
NKE,Nike,2024-10-01,7.4,-6.8,-8.3,1
NKE,Nike,2024-12-19,9.0,-0.2,-2.9,0
NKE,Nike,2025-03-20,8.0,-5.5,-9.3,1
NKE,Nike,2025-06-26,7.8,15.2,18.6,1
NKE,Nike,2025-09-30,9.1,6.4,7.1,0
NKE,Nike,2025-12-18,7.4,-10.5,-11.3,1
NKE,Nike,2026-03-31,8.3,-15.5,-15.6,1
NKE,Nike,2026-06-30,10.0,4.9,5.4,0
NLY,Annaly Capital Management Inc,2022-10-26,4.4,1.5,6.3,1
NLY,Annaly Capital Management Inc,2023-02-08,3.0,-5.8,-5.8,1
NLY,Annaly Capital Management Inc,2023-04-26,3.9,3.5,3.9,1
NLY,Annaly Capital Management Inc,2023-07-26,2.8,-3.5,-3.8,1
NLY,Annaly Capital Management Inc,2023-10-25,4.2,0.0,4.7,1
NLY,Annaly Capital Management Inc,2024-02-07,2.9,1.2,1.9,0
NLY,Annaly Capital Management Inc,2024-05-02,1.4,1.5,2.6,1
NLY,Annaly Capital Management Inc,2024-07-24,2.5,-1.3,-1.7,0
NLY,Annaly Capital Management Inc,2024-10-23,2.3,0.8,-1.0,0
NLY,Annaly Capital Management Inc,2025-01-29,1.9,3.6,3.6,1
NLY,Annaly Capital Management Inc,2025-04-30,2.6,-0.9,2.6,1
NLY,Annaly Capital Management Inc,2025-07-23,2.5,0.5,-1.5,0
NLY,Annaly Capital Management Inc,2025-10-22,2.5,-1.9,-2.1,0
NLY,Annaly Capital Management Inc,2026-01-28,2.7,-1.0,-2.2,0
NLY,Annaly Capital Management Inc,2026-04-21,2.8,0.1,1.8,0
NLY,Annaly Capital Management Inc,2026-07-21,2.5,-1.0,-2.8,1
NOC,Northrop Grumman Corp Holding,2022-10-27,3.4,0.9,-4.3,1
NOC,Northrop Grumman Corp Holding,2023-01-26,3.0,-4.3,-5.2,1
NOC,Northrop Grumman Corp Holding,2023-04-27,2.9,1.9,2.4,0
NOC,Northrop Grumman Corp Holding,2023-07-27,3.2,-2.6,-5.6,1
NOC,Northrop Grumman Corp Holding,2023-10-26,2.6,-1.1,-1.9,0
NOC,Northrop Grumman Corp Holding,2024-01-25,3.1,-6.3,-8.2,1
NOC,Northrop Grumman Corp Holding,2024-04-25,3.4,2.8,3.4,1
NOC,Northrop Grumman Corp Holding,2024-07-25,3.5,6.4,6.9,1
NOC,Northrop Grumman Corp Holding,2024-10-24,3.4,1.4,2.8,0
NOC,Northrop Grumman Corp Holding,2025-01-30,5.5,0.4,-2.5,0
NOC,Northrop Grumman Corp Holding,2025-04-22,6.6,-12.7,-15.3,1
NOC,Northrop Grumman Corp Holding,2025-07-22,6.0,9.4,10.1,1
NOC,Northrop Grumman Corp Holding,2025-10-21,6.9,-0.4,-5.1,0
NOC,Northrop Grumman Corp Holding,2026-01-27,6.0,2.7,-3.8,0
NOC,Northrop Grumman Corp Holding,2026-04-21,6.9,-7.0,-7.1,1
NOC,Northrop Grumman Corp Holding,2026-07-21,9.2,-2.2,-8.6,0
NOK,Nokia Oyj,2022-10-20,4.8,2.2,2.2,0
NOK,Nokia Oyj,2023-01-26,4.2,-1.7,-1.7,0
NOK,Nokia Oyj,2023-04-20,4.8,0.5,-1.0,0
NOK,Nokia Oyj,2023-07-20,2.5,0.3,1.0,0
NOK,Nokia Oyj,2023-10-19,6.5,-0.9,-1.9,0
NOK,Nokia Oyj,2024-01-25,5.5,0.5,1.3,0
NOK,Nokia Oyj,2024-04-18,2.9,2.0,2.9,1
NOK,Nokia Oyj,2024-07-18,3.9,0.8,1.4,0
NOK,Nokia Oyj,2024-10-17,4.6,9.4,10.1,1
NOK,Nokia Oyj,2025-01-30,4.9,-2.1,-2.1,0
NOK,Nokia Oyj,2025-04-24,3.3,2.7,2.7,0
NOK,Nokia Oyj,2025-07-24,4.4,-0.2,-1.4,0
NOK,Nokia Oyj,2025-10-23,3.7,2.1,2.8,0
NOK,Nokia Oyj,2026-01-29,8.5,-7.8,-11.1,1
NOK,Nokia Oyj,2026-04-23,11.6,4.8,10.1,0
NOK,Nokia Oyj,2026-07-23,12.6,-5.4,-5.8,0
NOW,ServiceNow,2022-10-26,7.0,13.4,16.7,1
NOW,ServiceNow,2023-01-25,6.9,3.2,6.5,0
NOW,ServiceNow,2023-04-26,6.3,0.1,-5.8,0
NOW,ServiceNow,2023-07-26,5.4,-3.0,4.1,0
NOW,ServiceNow,2023-10-25,6.3,3.9,9.2,1
NOW,ServiceNow,2024-01-24,5.6,0.4,2.7,0
NOW,ServiceNow,2024-04-24,5.7,-4.0,-7.7,1
NOW,ServiceNow,2024-07-24,7.0,13.4,16.3,1
NOW,ServiceNow,2024-10-23,6.3,5.4,7.9,1
NOW,ServiceNow,2025-01-29,7.4,-11.4,-13.4,1
NOW,ServiceNow,2025-04-23,8.2,15.5,16.2,1
NOW,ServiceNow,2025-07-23,7.6,4.2,9.9,1
NOW,ServiceNow,2025-10-29,8.4,2.5,5.8,0
NOW,ServiceNow,2026-01-28,8.4,-9.9,-12.7,1
NOW,ServiceNow,2026-04-22,11.2,-17.7,-18.9,1
NOW,ServiceNow,2026-07-22,11.6,-3.7,5.0,0
NTAP,NetApp,2022-08-24,6.2,7.9,8.6,1
NTAP,NetApp,2022-11-29,6.4,-5.8,-10.2,1
NTAP,NetApp,2023-02-22,8.5,0.6,-3.8,0
NTAP,NetApp,2023-05-31,6.6,8.5,9.7,1
NTAP,NetApp,2023-08-23,5.7,-1.3,-2.6,0
NTAP,NetApp,2023-11-28,5.6,14.6,16.9,1
NTAP,NetApp,2024-02-29,7.3,18.2,26.2,1
NTAP,NetApp,2024-05-30,8.1,3.4,4.3,0
NTAP,NetApp,2024-08-28,7.1,-9.6,-9.7,1
NTAP,NetApp,2024-11-21,9.8,-3.4,6.9,0
NTAP,NetApp,2025-02-27,7.6,-15.6,-17.5,1
NTAP,NetApp,2025-05-29,7.5,-0.1,-5.1,0
NTAP,NetApp,2025-08-27,8.3,4.5,4.7,0
NTAP,NetApp,2025-11-25,7.9,-2.0,4.5,0
NTAP,NetApp,2026-02-26,11.1,-0.1,-3.2,0
NTAP,NetApp,2026-05-28,12.2,22.4,35.4,1
NTAP,NetApp,2026-09-02,12.7,2.6,-10.9,0
NTES,NetEase,2022-08-18,5.2,-6.0,-7.2,1
NTES,NetEase,2022-11-17,6.3,-0.5,5.1,0
NTES,NetEase,2023-02-23,4.8,-3.7,-6.8,1
NTES,NetEase,2023-05-25,8.6,2.7,4.8,0
NTES,NetEase,2023-08-24,9.2,-3.9,-5.7,0
NTES,NetEase,2023-11-16,5.2,-2.4,-4.8,0
NTES,NetEase,2024-02-29,6.9,-3.9,-4.9,0
NTES,NetEase,2024-05-23,5.8,-3.7,-4.0,0
NTES,NetEase,2024-08-22,5.2,-11.2,-12.7,1
NTES,NetEase,2024-11-14,6.9,10.4,10.9,1
NTES,NetEase,2025-02-20,6.9,-2.6,-5.6,0
NTES,NetEase,2025-05-15,5.5,14.6,15.4,1
NTES,NetEase,2025-08-14,7.1,-3.9,-9.4,1
NTES,NetEase,2025-11-20,6.6,0.4,3.8,0
NTES,NetEase,2026-02-11,7.6,-4.1,-4.2,0
NTES,NetEase,2026-05-21,8.7,-2.1,-9.2,1
NU,Nu Holdings,2022-02-22,22.2,-14.5,-14.8,0
NU,Nu Holdings,2022-05-16,24.8,-6.2,15.2,0
NU,Nu Holdings,2022-08-15,17.1,17.9,25.6,1
NU,Nu Holdings,2022-11-14,16.8,12.9,20.7,1
NU,Nu Holdings,2023-02-14,11.6,4.8,8.8,0
NU,Nu Holdings,2023-05-15,9.2,0.2,13.6,1
NU,Nu Holdings,2023-08-15,10.2,-3.4,-5.7,0
NU,Nu Holdings,2023-11-14,7.4,-7.5,-10.5,1
NU,Nu Holdings,2024-02-22,7.7,-1.4,-4.1,0
NU,Nu Holdings,2024-05-14,7.5,4.7,8.2,1
NU,Nu Holdings,2024-08-13,7.2,5.3,6.1,0
NU,Nu Holdings,2024-11-13,8.2,-2.9,-10.5,1
NU,Nu Holdings,2025-02-20,7.2,-18.9,-19.5,1
NU,Nu Holdings,2025-05-13,8.1,2.7,-5.3,0
NU,Nu Holdings,2025-08-14,8.4,9.1,17.2,1
NU,Nu Holdings,2025-11-13,6.9,1.5,4.3,0
NVDA,Nvidia,2022-08-24,6.4,4.0,4.2,0
NVDA,Nvidia,2022-11-16,8.2,-1.5,-2.4,0
NVDA,Nvidia,2023-02-22,6.6,14.0,15.1,1
NVDA,Nvidia,2023-05-24,7.2,24.4,29.3,1
NVDA,Nvidia,2023-08-23,9.6,0.1,6.7,0
NVDA,Nvidia,2023-11-21,6.9,-2.5,-4.5,0
NVDA,Nvidia,2024-02-21,9.2,16.4,16.5,1
NVDA,Nvidia,2024-05-22,8.3,9.3,12.0,1
NVDA,Nvidia,2024-08-28,10.9,-6.4,-7.1,0
NVDA,Nvidia,2024-11-20,8.7,0.5,4.8,0
NVDA,Nvidia,2025-02-26,9.0,-8.5,-8.6,0
NVDA,Nvidia,2025-05-28,6.8,3.2,6.4,0
NVDA,Nvidia,2025-08-27,6.6,-0.8,-2.9,0
NVDA,Nvidia,2025-11-19,7.2,-3.2,5.1,0
NVDA,Nvidia,2026-02-25,6.1,-5.5,-5.8,0
NVDA,Nvidia,2026-05-20,5.9,-1.8,-2.5,0
NVDA,Nvidia,2026-08-26,5.9,8.7,9.9,1
NXPI,NXP Semiconductors,2022-07-25,6.3,0.2,2.2,0
NXPI,NXP Semiconductors,2022-10-31,6.6,3.9,5.3,0
NXPI,NXP Semiconductors,2023-01-30,5.5,2.7,3.2,0
NXPI,NXP Semiconductors,2023-05-01,4.9,3.3,6.5,1
NXPI,NXP Semiconductors,2023-07-24,5.1,4.3,5.3,1
NXPI,NXP Semiconductors,2023-11-06,5.4,1.6,4.8,0
NXPI,NXP Semiconductors,2024-02-05,6.0,0.9,2.0,0
NXPI,NXP Semiconductors,2024-04-29,6.0,3.7,5.7,0
NXPI,NXP Semiconductors,2024-07-22,6.1,-7.6,-10.1,1
NXPI,NXP Semiconductors,2024-11-04,7.3,-5.2,-8.4,1
NXPI,NXP Semiconductors,2025-02-03,6.5,-1.1,-2.9,0
NXPI,NXP Semiconductors,2025-04-28,6.7,-6.9,-9.7,1
NXPI,NXP Semiconductors,2025-10-27,6.6,-3.9,-6.1,0
NXPI,NXP Semiconductors,2026-02-02,8.5,-4.5,-10.4,1
NXPI,NXP Semiconductors,2026-04-28,9.6,25.5,27.1,1
NXPI,NXP Semiconductors,2026-07-28,14.2,-7.0,-7.8,0
ONON,On Holding,2022-05-17,15.0,1.0,15.7,1
ONON,On Holding,2022-08-16,11.3,-0.7,-7.0,0
ONON,On Holding,2022-11-16,10.9,-8.7,-12.5,1
ONON,On Holding,2023-03-21,16.3,26.4,29.8,1
ONON,On Holding,2023-05-16,12.8,-9.7,-11.4,0
ONON,On Holding,2023-08-15,12.2,-14.0,-17.5,1
ONON,On Holding,2023-11-14,11.0,-3.4,-9.1,0
ONON,On Holding,2024-03-12,13.9,-8.9,-18.6,1
ONON,On Holding,2024-05-14,11.8,18.3,21.6,1
ONON,On Holding,2024-08-13,10.9,4.3,9.2,0
ONON,On Holding,2024-11-12,10.9,-0.2,-5.3,0
ONON,On Holding,2025-03-04,11.0,5.8,8.1,0
ONON,On Holding,2025-05-13,8.8,11.8,13.0,1
ONON,On Holding,2025-08-12,11.4,8.9,14.2,1
ONON,On Holding,2025-11-12,10.4,18.0,27.5,1
ONON,On Holding,2026-03-03,11.3,-6.1,-14.2,1
ORCL,Oracle,2022-09-12,6.8,-1.3,3.0,0
ORCL,Oracle,2022-12-12,7.1,-0.9,5.3,0
ORCL,Oracle,2023-03-09,4.8,-3.2,-4.6,0
ORCL,Oracle,2023-06-12,9.7,0.2,6.5,0
ORCL,Oracle,2023-09-11,5.2,-13.5,-15.3,1
ORCL,Oracle,2023-12-11,6.2,-12.4,-12.5,1
ORCL,Oracle,2024-03-11,9.3,11.7,13.4,1
ORCL,Oracle,2024-06-11,7.5,13.3,13.8,1
ORCL,Oracle,2024-09-09,7.7,11.4,14.7,1
ORCL,Oracle,2024-12-09,9.4,-6.7,-10.2,1
ORCL,Oracle,2025-03-10,10.5,-3.1,-7.5,0
ORCL,Oracle,2025-06-11,7.5,13.3,14.8,1
ORCL,Oracle,2025-09-09,9.8,35.9,43.1,1
ORCL,Oracle,2025-12-10,10.6,-10.8,-16.5,1
ORCL,Oracle,2026-03-10,9.8,9.2,15.0,1
ORCL,Oracle,2026-06-10,13.1,-8.5,-12.9,0
ORCL,Oracle,2026-09-10,12.4,-1.7,8.5,0
PANW,Palo Alto Networks,2022-08-22,8.6,12.1,12.7,1
PANW,Palo Alto Networks,2022-11-17,7.9,7.0,10.5,1
PANW,Palo Alto Networks,2023-02-21,7.6,12.5,13.1,1
PANW,Palo Alto Networks,2023-05-23,7.1,7.7,9.3,1
PANW,Palo Alto Networks,2023-08-18,9.9,14.8,17.5,1
PANW,Palo Alto Networks,2023-11-15,8.5,-5.4,-8.6,1
PANW,Palo Alto Networks,2024-02-20,9.9,-28.4,-29.0,1
PANW,Palo Alto Networks,2024-05-20,9.9,-3.7,-7.3,0
PANW,Palo Alto Networks,2024-08-19,9.9,7.2,9.3,0
PANW,Palo Alto Networks,2024-11-20,8.2,1.2,-3.1,0
PANW,Palo Alto Networks,2025-02-13,8.6,-0.9,-6.5,0
PANW,Palo Alto Networks,2025-05-20,7.2,-6.8,-8.1,1
PANW,Palo Alto Networks,2025-08-18,8.1,3.1,7.3,0
PANW,Palo Alto Networks,2025-11-19,7.5,-7.4,-8.4,1
PANW,Palo Alto Networks,2026-02-17,7.9,-6.8,-10.0,1
PANW,Palo Alto Networks,2026-06-02,13.2,-5.6,-7.2,0
PANW,Palo Alto Networks,2026-09-01,9.7,-9.3,-11.2,1
PAYX,PAYX,2022-09-28,8.1,3.6,5.2,0
PAYX,PAYX,2022-12-22,6.9,-2.3,-5.9,0
PAYX,PAYX,2023-03-29,6.0,6.5,7.2,1
PAYX,PAYX,2023-06-29,5.3,-1.2,3.7,0
PAYX,PAYX,2023-09-27,5.6,3.4,4.8,0
PAYX,PAYX,2023-12-21,5.3,-7.0,-7.3,1
PAYX,PAYX,2024-04-02,6.5,0.4,-5.7,0
PAYX,PAYX,2024-06-26,5.5,-6.1,-6.2,1
PAYX,PAYX,2024-10-01,5.6,4.9,5.5,0
PAYX,PAYX,2024-12-19,5.0,1.4,5.0,1
PAYX,PAYX,2025-03-26,5.4,4.2,6.2,1
PAYX,PAYX,2025-06-25,6.3,-9.4,-10.1,1
PAYX,PAYX,2025-09-30,6.8,-1.4,-7.4,1
PAYX,PAYX,2025-12-19,5.1,-1.7,-4.6,0
PAYX,PAYX,2026-03-25,9.2,3.0,5.4,0
PAYX,PAYX,2026-06-24,8.3,-1.7,-5.1,0
PAYX,PAYX,2026-09-23,7.2,-8.8,-9.8,1
PCG,PG&E Corporation,2022-07-28,5.3,0.0,-2.5,0
PCG,PG&E Corporation,2022-10-27,3.6,1.4,2.9,0
PCG,PG&E Corporation,2023-02-23,1.7,3.3,3.9,1
PCG,PG&E Corporation,2023-05-04,2.0,0.2,1.2,0
PCG,PG&E Corporation,2023-07-27,1.6,0.4,1.4,0
PCG,PG&E Corporation,2023-10-26,1.6,-0.4,2.0,1
PCG,PG&E Corporation,2024-02-22,1.8,2.3,3.1,1
PCG,PG&E Corporation,2024-04-25,1.5,-0.2,0.8,0
PCG,PG&E Corporation,2024-07-25,1.4,0.1,1.1,0
PCG,PG&E Corporation,2024-11-07,1.8,1.2,1.7,0
PCG,PG&E Corporation,2025-02-13,2.0,-3.5,-3.8,1
PCG,PG&E Corporation,2025-04-24,2.0,-1.4,-1.7,0
PCG,PG&E Corporation,2025-07-31,1.9,0.7,1.7,0
PCG,PG&E Corporation,2025-10-23,2.4,0.6,-1.1,0
PCG,PG&E Corporation,2026-02-12,2.6,2.7,4.6,1
PCG,PG&E Corporation,2026-07-23,3.5,-3.1,-3.6,1
PDD,PDD Holdings,2022-05-27,11.5,15.2,15.4,1
PDD,PDD Holdings,2022-08-29,12.7,14.7,25.4,1
PDD,PDD Holdings,2022-11-28,11.1,12.6,16.1,1
PDD,PDD Holdings,2023-03-20,5.9,0.0,3.5,0
PDD,PDD Holdings,2023-05-26,12.1,19.0,19.1,1
PDD,PDD Holdings,2023-08-29,9.9,15.4,19.4,1
PDD,PDD Holdings,2023-11-28,9.7,18.1,18.9,1
PDD,PDD Holdings,2024-03-20,12.5,3.5,16.1,1
PDD,PDD Holdings,2024-05-22,9.0,1.1,7.6,0
PDD,PDD Holdings,2024-08-26,8.8,-28.5,-31.5,1
PDD,PDD Holdings,2024-11-21,8.8,-10.6,-10.8,1
PDD,PDD Holdings,2025-03-20,9.1,4.0,-5.4,0
PDD,PDD Holdings,2025-05-27,8.1,-13.6,-18.4,1
PDD,PDD Holdings,2025-08-25,7.7,0.9,4.9,0
PDD,PDD Holdings,2025-11-18,7.1,-7.3,-7.9,1
PDD,PDD Holdings,2026-03-25,7.8,4.6,9.7,1
PDD,PDD Holdings,2026-08-24,7.6,-1.5,4.0,0
PEP,PepsiCo Inc,2022-07-12,3.0,-0.6,1.7,0
PEP,PepsiCo Inc,2022-10-12,3.1,4.2,5.0,1
PEP,PepsiCo Inc,2023-02-09,2.6,0.9,3.1,1
PEP,PepsiCo Inc,2023-04-25,2.0,2.3,2.5,1
PEP,PepsiCo Inc,2023-07-13,2.3,2.4,2.7,1
PEP,PepsiCo Inc,2023-10-10,3.7,1.9,2.4,0
PEP,PepsiCo Inc,2024-02-09,3.2,-3.6,-4.0,1
PEP,PepsiCo Inc,2024-04-23,2.7,-3.0,-3.6,1
PEP,PepsiCo Inc,2024-07-11,3.5,0.2,-3.4,0
PEP,PepsiCo Inc,2024-10-08,3.3,1.9,2.1,0
PEP,PepsiCo Inc,2025-02-04,3.2,-4.5,-4.8,1
PEP,PepsiCo Inc,2025-04-24,3.5,-4.9,-5.4,1
PEP,PepsiCo Inc,2025-07-17,4.0,7.5,7.8,1
PEP,PepsiCo Inc,2025-10-09,3.8,4.2,4.2,1
PEP,PepsiCo Inc,2026-04-16,4.2,2.3,3.2,0
PEP,PepsiCo Inc,2026-07-09,3.3,-3.3,-5.5,1
PG,Procter & Gamble,2022-07-29,2.6,-6.2,-6.6,1
PG,Procter & Gamble,2022-10-19,4.0,0.9,3.6,0
PG,Procter & Gamble,2023-01-19,3.4,-2.7,-2.8,0
PG,Procter & Gamble,2023-04-21,2.1,3.5,4.8,1
PG,Procter & Gamble,2023-07-28,2.8,2.8,3.5,1
PG,Procter & Gamble,2023-10-18,3.1,2.6,3.4,1
PG,Procter & Gamble,2024-01-23,2.9,4.1,5.8,1
PG,Procter & Gamble,2024-04-19,2.7,0.5,-2.4,0
PG,Procter & Gamble,2024-07-30,2.9,-4.8,-7.0,1
PG,Procter & Gamble,2024-10-18,2.9,-0.6,-2.2,0
PG,Procter & Gamble,2025-01-22,3.4,1.9,4.0,1
PG,Procter & Gamble,2025-04-24,3.4,-3.7,-5.5,1
PG,Procter & Gamble,2025-07-29,3.3,-0.3,-1.4,0
PG,Procter & Gamble,2025-10-24,3.0,0.2,3.4,1
PG,Procter & Gamble,2026-01-22,3.3,2.6,3.3,1
PG,Procter & Gamble,2026-04-24,3.3,1.7,4.6,1
PG,Procter & Gamble,2026-07-29,3.2,-1.9,-5.8,1
PLAY,Dave and Busters Entertainment,2022-06-07,13.1,4.9,8.0,0
PLAY,Dave and Busters Entertainment,2022-09-07,9.1,-14.2,-15.0,1
PLAY,Dave and Busters Entertainment,2022-12-06,9.8,-7.4,-8.8,0
PLAY,Dave and Busters Entertainment,2023-03-28,12.5,0.7,-5.7,0
PLAY,Dave and Busters Entertainment,2023-06-06,14.3,18.3,26.8,1
PLAY,Dave and Busters Entertainment,2023-09-06,14.5,-6.1,-6.3,0
PLAY,Dave and Busters Entertainment,2023-12-05,13.5,4.4,12.8,0
PLAY,Dave and Busters Entertainment,2024-04-02,14.9,10.3,12.8,0
PLAY,Dave and Busters Entertainment,2024-06-12,13.4,-10.9,-13.6,1
PLAY,Dave and Busters Entertainment,2024-09-10,15.1,4.7,16.9,1
PLAY,Dave and Busters Entertainment,2024-12-10,14.3,-20.1,-21.0,1
PLAY,Dave and Busters Entertainment,2025-04-07,23.8,-0.8,20.8,0
PLAY,Dave and Busters Entertainment,2025-06-10,17.2,17.7,19.2,1
PLAY,Dave and Busters Entertainment,2025-09-15,16.0,-16.7,-21.1,1
PLAY,Dave and Busters Entertainment,2025-12-09,20.1,13.0,17.9,0
PLAY,Dave and Busters Entertainment,2026-03-31,22.2,16.1,23.9,1
PLAY,Dave and Busters Entertainment,2026-06-15,17.5,-6.2,-16.0,0
PLD,Prologis,2022-10-19,4.4,-3.6,-4.7,1
PLD,Prologis,2023-01-18,3.5,1.0,3.2,0
PLD,Prologis,2023-04-18,3.7,0.5,1.6,0
PLD,Prologis,2023-07-18,3.2,-3.1,-5.5,1
PLD,Prologis,2023-10-17,3.4,-2.5,-3.1,0
PLD,Prologis,2024-01-17,2.9,-2.4,-3.5,1
PLD,Prologis,2024-04-17,3.8,-7.2,-8.0,1
PLD,Prologis,2024-07-17,4.3,1.4,6.3,1
PLD,Prologis,2024-10-16,3.3,4.6,5.2,1
PLD,Prologis,2025-01-21,5.9,7.1,7.7,1
PLD,Prologis,2025-04-16,4.4,1.8,3.5,0
PLD,Prologis,2025-07-16,3.6,1.4,5.4,1
PLD,Prologis,2025-10-15,3.8,6.3,6.8,1
PLD,Prologis,2026-01-21,6.1,0.3,2.8,0
PLD,Prologis,2026-04-16,3.4,1.7,3.7,1
PLD,Prologis,2026-07-16,4.0,4.6,4.6,1
PLTR,Palantir Technologies,2022-08-08,6.8,-14.2,-15.2,1
PLTR,Palantir Technologies,2022-11-07,15.0,-11.5,-13.1,0
PLTR,Palantir Technologies,2023-02-13,13.8,21.2,22.1,1
PLTR,Palantir Technologies,2023-05-08,13.7,23.4,25.2,1
PLTR,Palantir Technologies,2023-08-07,15.0,-5.3,-10.5,0
PLTR,Palantir Technologies,2023-11-02,11.7,20.4,22.7,1
PLTR,Palantir Technologies,2024-02-05,15.1,30.8,32.7,1
PLTR,Palantir Technologies,2024-05-06,15.2,-15.1,-15.3,1
PLTR,Palantir Technologies,2024-08-05,14.0,10.4,13.8,0
PLTR,Palantir Technologies,2024-11-04,13.4,23.5,24.5,1
PLTR,Palantir Technologies,2025-02-03,13.9,24.0,27.7,1
PLTR,Palantir Technologies,2025-05-05,14.5,-12.0,-14.9,1
PLTR,Palantir Technologies,2025-08-04,12.0,7.8,9.8,0
PLTR,Palantir Technologies,2025-11-03,10.1,-7.9,-10.4,1
PLTR,Palantir Technologies,2026-02-02,11.1,6.8,11.7,1
PLTR,Palantir Technologies,2026-05-04,9.7,-6.9,-7.7,0
PLTR,Palantir Technologies,2026-08-03,12.2,29.5,30.9,1
PLUG,Plug Power,2022-05-09,15.2,-5.5,-9.3,0
PLUG,Plug Power,2022-08-09,9.7,16.7,18.7,1
PLUG,Plug Power,2022-11-08,11.3,-1.4,10.8,0
PLUG,Plug Power,2023-03-01,8.2,-6.2,-12.8,1
PLUG,Plug Power,2023-05-09,6.5,-13.8,-14.9,1
PLUG,Plug Power,2023-08-09,11.8,-15.8,-17.8,1
PLUG,Plug Power,2023-11-09,12.8,-40.5,-45.7,1
PLUG,Plug Power,2024-02-29,21.0,10.2,-10.5,0
PLUG,Plug Power,2024-05-09,15.9,9.9,11.5,0
PLUG,Plug Power,2024-08-08,15.4,0.0,-7.2,0
PLUG,Plug Power,2024-11-12,16.1,-4.0,-10.1,0
PLUG,Plug Power,2025-03-03,15.3,8.0,12.0,0
PLUG,Plug Power,2025-05-12,22.1,-10.2,-10.4,0
PLUG,Plug Power,2025-08-11,17.7,-2.5,-9.5,0
PLUG,Plug Power,2025-11-10,16.8,-1.2,-7.8,0
PLUG,Plug Power,2026-03-02,16.0,23.2,30.4,1
PNC,PNC Financial Services Group Inc,2022-10-14,3.2,-2.1,-2.7,0
PNC,PNC Financial Services Group Inc,2023-01-18,3.5,-6.0,-7.6,1
PNC,PNC Financial Services Group Inc,2023-04-14,4.5,0.4,-3.2,0
PNC,PNC Financial Services Group Inc,2023-07-18,4.1,2.5,4.1,1
PNC,PNC Financial Services Group Inc,2023-10-13,3.5,-2.6,-4.2,1
PNC,PNC Financial Services Group Inc,2024-01-16,3.8,0.1,-3.4,0
PNC,PNC Financial Services Group Inc,2024-04-16,4.2,-2.0,-4.0,0
PNC,PNC Financial Services Group Inc,2024-07-16,4.0,4.7,5.2,1
PNC,PNC Financial Services Group Inc,2024-10-15,4.2,2.0,4.3,1
PNC,PNC Financial Services Group Inc,2025-01-16,3.2,-1.9,-8.5,1
PNC,PNC Financial Services Group Inc,2025-04-15,4.2,0.0,2.7,0
PNC,PNC Financial Services Group Inc,2025-07-16,3.4,0.9,2.6,0
PNC,PNC Financial Services Group Inc,2025-10-15,3.5,-3.9,-5.5,1
PNC,PNC Financial Services Group Inc,2026-01-16,2.8,3.8,5.6,1
PNC,PNC Financial Services Group Inc,2026-04-15,3.7,0.4,1.9,0
PNC,PNC Financial Services Group Inc,2026-07-15,3.7,0.9,-1.5,0
PYPL,PayPal,2022-08-02,10.4,9.2,13.7,1
PYPL,PayPal,2022-11-03,12.0,-1.8,-7.0,0
PYPL,PayPal,2023-02-09,8.3,3.0,5.6,0
PYPL,PayPal,2023-05-08,7.9,-12.7,-12.8,1
PYPL,PayPal,2023-08-02,9.2,-12.3,-12.4,1
PYPL,PayPal,2023-11-01,9.4,6.6,7.3,0
PYPL,PayPal,2024-02-07,9.2,-11.2,-11.8,1
PYPL,PayPal,2024-04-30,9.8,1.4,5.5,0
PYPL,PayPal,2024-07-30,8.2,8.6,10.4,1
PYPL,PayPal,2024-10-29,9.1,-4.0,-8.1,0
PYPL,PayPal,2025-02-04,8.2,-13.2,-13.6,1
PYPL,PayPal,2025-04-29,8.2,2.1,3.9,0
PYPL,PayPal,2025-07-29,7.6,-8.7,-10.1,1
PYPL,PayPal,2025-10-28,8.6,3.9,12.8,1
PYPL,PayPal,2026-02-03,9.4,-20.3,-20.8,1
PYPL,PayPal,2026-05-05,9.3,-7.7,-11.7,1
PYPL,PayPal,2026-07-28,8.8,4.0,4.9,0
QCOM,QUALCOMM,2022-07-27,6.8,-4.5,-6.8,1
QCOM,QUALCOMM,2022-11-02,7.7,-7.7,-9.4,1
QCOM,QUALCOMM,2023-02-02,5.8,-0.6,-5.4,0
QCOM,QUALCOMM,2023-05-03,6.1,-5.5,-8.3,1
QCOM,QUALCOMM,2023-08-02,5.2,-8.2,-11.1,1
QCOM,QUALCOMM,2023-11-01,6.3,5.8,7.4,1
QCOM,QUALCOMM,2024-01-31,5.6,-5.0,-5.7,1
QCOM,QUALCOMM,2024-05-01,6.8,9.7,10.7,1
QCOM,QUALCOMM,2024-07-31,7.4,-9.4,-10.8,1
QCOM,QUALCOMM,2024-11-06,8.0,0.0,5.3,0
QCOM,QUALCOMM,2025-02-05,6.7,-3.7,-5.9,0
QCOM,QUALCOMM,2025-04-30,6.7,-8.9,-9.2,1
QCOM,QUALCOMM,2025-07-30,5.8,-7.7,-8.5,1
QCOM,QUALCOMM,2025-11-05,6.0,-3.6,-5.4,0
QCOM,QUALCOMM,2026-02-04,6.1,-8.5,-10.9,1
QCOM,QUALCOMM,2026-04-29,8.1,15.1,19.8,1
QCOM,QUALCOMM,2026-07-29,7.9,-2.6,-6.2,0
RDDT,Reddit,2024-05-07,14.5,4.0,11.7,0
RDDT,Reddit,2024-08-06,16.6,-6.8,-9.6,0
RDDT,Reddit,2024-10-29,14.2,42.0,44.7,1
RDDT,Reddit,2025-02-12,15.1,-5.3,-9.5,0
RDDT,Reddit,2025-05-01,13.6,-4.2,-6.0,0
RDDT,Reddit,2025-07-31,14.3,17.5,22.5,1
RDDT,Reddit,2025-10-30,14.4,7.5,18.8,1
RDDT,Reddit,2026-02-05,15.5,-7.4,-9.3,0
RDDT,Reddit,2026-04-30,12.6,13.1,17.5,1
RDDT,Reddit,2026-07-30,12.1,-21.0,-24.0,1
RF,Regions Financial Corporation,2022-10-21,4.0,-1.1,4.8,1
RF,Regions Financial Corporation,2023-01-20,3.2,4.6,7.1,1
RF,Regions Financial Corporation,2023-04-21,3.7,-2.8,-8.8,1
RF,Regions Financial Corporation,2023-07-21,4.4,-3.1,-4.8,1
RF,Regions Financial Corporation,2023-10-20,5.4,-12.4,-16.1,1
RF,Regions Financial Corporation,2024-01-19,4.6,3.7,4.0,0
RF,Regions Financial Corporation,2024-04-19,4.3,-0.5,-3.2,0
RF,Regions Financial Corporation,2024-07-19,4.3,0.0,-4.1,0
RF,Regions Financial Corporation,2024-10-18,5.1,-0.7,2.0,0
RF,Regions Financial Corporation,2025-01-17,4.1,-1.3,2.4,0
RF,Regions Financial Corporation,2025-04-17,3.7,0.7,11.6,1
RF,Regions Financial Corporation,2025-07-18,3.8,6.1,6.7,1
RF,Regions Financial Corporation,2025-10-17,5.4,1.0,2.9,0
RF,Regions Financial Corporation,2026-01-16,4.0,-2.6,-4.1,1
RF,Regions Financial Corporation,2026-04-17,4.1,0.8,2.6,0
RF,Regions Financial Corporation,2026-07-17,4.3,-2.3,-2.9,0
RH,RH,2022-03-29,12.1,-13.3,-13.7,1
RH,RH,2022-06-02,10.7,0.9,4.0,0
RH,RH,2022-09-08,9.1,4.5,7.0,0
RH,RH,2022-12-08,8.2,3.0,-5.6,0
RH,RH,2023-03-29,9.5,-3.3,-4.8,0
RH,RH,2023-05-25,7.9,-3.1,-7.5,0
RH,RH,2023-09-07,7.2,-15.6,-16.2,1
RH,RH,2023-12-07,9.5,-14.0,-15.1,1
RH,RH,2024-03-27,12.9,17.3,19.5,1
RH,RH,2024-06-13,12.6,-17.1,-18.8,1
RH,RH,2024-09-12,13.2,25.5,25.7,1
RH,RH,2024-12-12,12.8,17.0,19.9,1
RH,RH,2025-04-02,15.2,-40.1,-44.5,1
RH,RH,2025-06-12,15.3,6.9,25.4,1
RH,RH,2025-09-11,15.3,-4.6,-5.8,0
RH,RH,2025-12-11,13.4,5.7,13.4,1
RH,RH,2026-03-31,13.3,-19.3,-24.0,1
RH,RH,2026-06-11,13.1,-3.9,-7.7,0
RH,RH,2026-09-10,11.2,0.0,6.7,0
RKLB,Rocket Lab,2022-05-16,16.1,4.6,7.0,0
RKLB,Rocket Lab,2022-08-11,13.0,21.2,22.0,1
RKLB,Rocket Lab,2022-11-09,13.9,12.0,20.5,1
RKLB,Rocket Lab,2023-02-28,16.9,-2.2,-7.3,0
RKLB,Rocket Lab,2023-05-09,12.7,4.6,6.6,0
RKLB,Rocket Lab,2023-08-08,8.4,-3.2,12.5,1
RKLB,Rocket Lab,2023-11-08,8.3,-1.8,4.4,0
RKLB,Rocket Lab,2024-02-27,15.5,-2.5,-12.7,0
RKLB,Rocket Lab,2024-05-06,12.1,-2.2,-10.0,0
RKLB,Rocket Lab,2024-08-08,11.1,12.6,17.2,1
RKLB,Rocket Lab,2024-11-12,17.2,28.4,53.8,1
RKLB,Rocket Lab,2025-02-27,15.7,3.3,-18.5,1
RKLB,Rocket Lab,2025-05-08,11.3,-11.2,-12.4,1
RKLB,Rocket Lab,2025-08-07,12.3,1.1,12.9,1
RKLB,Rocket Lab,2025-11-10,12.4,-1.3,9.7,0
RKLB,Rocket Lab,2026-02-26,9.4,-4.9,-11.8,1
ROST,Ross Stores Inc,2022-05-19,9.8,-22.5,-24.8,1
ROST,Ross Stores Inc,2022-08-18,6.6,-1.1,-3.0,0
ROST,Ross Stores Inc,2022-11-17,7.5,9.9,18.4,1
ROST,Ross Stores Inc,2023-02-28,5.4,0.1,-4.9,0
ROST,Ross Stores Inc,2023-05-18,6.9,-0.6,-6.1,0
ROST,Ross Stores Inc,2023-08-17,5.9,5.0,6.7,1
ROST,Ross Stores Inc,2023-11-16,5.8,7.2,9.3,1
ROST,Ross Stores Inc,2024-03-05,7.3,-0.7,-3.9,0
ROST,Ross Stores Inc,2024-05-23,5.6,7.8,10.1,1
ROST,Ross Stores Inc,2024-08-22,5.8,1.8,7.3,1
ROST,Ross Stores Inc,2024-11-21,8.7,2.2,8.8,1
ROST,Ross Stores Inc,2025-03-04,7.4,2.0,-4.9,0
ROST,Ross Stores Inc,2025-05-22,5.1,-9.8,-15.1,1
ROST,Ross Stores Inc,2025-08-21,7.0,1.1,3.7,0
ROST,Ross Stores Inc,2025-11-20,6.8,8.4,8.9,1
ROST,Ross Stores Inc,2026-03-03,7.1,8.0,9.7,1
ROST,Ross Stores Inc,2026-05-21,6.0,8.1,8.6,1
ROST,Ross Stores Inc,2026-08-20,7.9,4.4,6.5,0
RPM,RPM International Inc,2022-10-05,7.3,3.3,5.1,0
RPM,RPM International Inc,2023-01-05,5.6,-13.1,-14.3,1
RPM,RPM International Inc,2023-04-06,6.4,-3.7,-5.8,0
RPM,RPM International Inc,2023-07-26,5.4,11.2,11.8,1
RPM,RPM International Inc,2023-10-04,6.8,6.3,8.1,1
RPM,RPM International Inc,2024-01-04,6.9,-3.0,-5.9,0
RPM,RPM International Inc,2024-04-04,6.2,-5.8,-6.5,1
RPM,RPM International Inc,2024-07-25,5.2,6.8,9.7,1
RPM,RPM International Inc,2024-10-02,5.7,6.3,8.2,1
RPM,RPM International Inc,2025-01-07,6.1,1.1,-3.0,0
RPM,RPM International Inc,2025-04-08,8.1,-9.1,-10.7,1
RPM,RPM International Inc,2025-07-24,5.8,8.6,11.6,1
RPM,RPM International Inc,2025-10-01,7.2,-0.6,3.4,0
RPM,RPM International Inc,2026-01-08,5.1,1.7,-5.7,1
RPM,RPM International Inc,2026-04-08,6.4,12.4,15.1,1
RPM,RPM International Inc,2026-07-22,8.9,5.8,8.3,0
RTX,Raytheon Technologies Corporation,2022-10-25,3.8,-1.5,-4.3,1
RTX,Raytheon Technologies Corporation,2023-01-24,3.2,3.3,13.1,1
RTX,Raytheon Technologies Corporation,2023-04-25,3.0,-1.3,-2.4,0
RTX,Raytheon Technologies Corporation,2023-07-25,2.8,-10.2,-16.1,1
RTX,Raytheon Technologies Corporation,2023-10-24,5.1,7.2,7.8,1
RTX,Raytheon Technologies Corporation,2024-01-23,4.6,5.3,8.7,1
RTX,Raytheon Technologies Corporation,2024-04-23,4.3,-0.2,2.3,0
RTX,Raytheon Technologies Corporation,2024-07-25,4.2,8.2,10.5,1
RTX,Raytheon Technologies Corporation,2024-10-22,4.3,-0.3,2.2,0
RTX,Raytheon Technologies Corporation,2025-01-28,4.4,2.6,5.9,1
RTX,Raytheon Technologies Corporation,2025-04-22,5.2,-9.8,-10.7,1
RTX,Raytheon Technologies Corporation,2025-07-22,3.8,-1.6,-5.3,1
RTX,Raytheon Technologies Corporation,2025-10-21,4.8,7.7,11.2,1
RTX,Raytheon Technologies Corporation,2026-01-27,5.1,3.7,4.2,0
RTX,Raytheon Technologies Corporation,2026-04-21,5.3,-4.4,-4.7,0
RTX,Raytheon Technologies Corporation,2026-07-23,4.9,7.3,9.5,1
RY,Royal Bank of Canada,2022-08-24,4.9,-2.6,-3.8,0
RY,Royal Bank of Canada,2022-11-30,4.0,1.4,1.6,0
RY,Royal Bank of Canada,2023-03-01,4.2,-3.1,-4.3,1
RY,Royal Bank of Canada,2023-05-25,5.2,-2.2,-3.4,0
RY,Royal Bank of Canada,2023-08-24,3.8,1.6,2.0,0
RY,Royal Bank of Canada,2023-11-30,4.2,3.5,3.7,0
RY,Royal Bank of Canada,2024-02-28,4.2,-0.5,1.3,0
RY,Royal Bank of Canada,2024-05-30,4.1,5.4,5.6,1
RY,Royal Bank of Canada,2024-08-28,3.9,2.1,3.0,0
RY,Royal Bank of Canada,2024-12-04,3.2,0.5,2.6,0
RY,Royal Bank of Canada,2025-02-27,4.1,-3.6,-4.8,1
RY,Royal Bank of Canada,2025-05-29,3.4,-3.1,-3.6,1
RY,Royal Bank of Canada,2025-08-27,4.1,5.5,7.2,1
RY,Royal Bank of Canada,2025-12-03,3.5,1.5,2.3,0
RY,Royal Bank of Canada,2026-02-26,4.3,-2.2,-3.0,0
RY,Royal Bank of Canada,2026-05-28,4.0,-0.1,-1.4,0
RY,Royal Bank of Canada,2026-08-27,4.4,-1.3,-2.6,0
SAP,SAP,2022-10-25,8.6,5.8,6.9,0
SAP,SAP,2023-01-26,7.1,-1.8,-3.3,0
SAP,SAP,2023-04-21,3.7,5.6,6.1,1
SAP,SAP,2023-07-20,2.1,0.1,1.6,0
SAP,SAP,2023-10-18,5.5,4.5,6.4,1
SAP,SAP,2024-01-23,5.8,6.9,8.0,1
SAP,SAP,2024-04-22,7.8,5.5,5.7,0
SAP,SAP,2024-07-22,8.5,7.1,7.2,0
SAP,SAP,2024-10-21,8.3,1.2,3.6,0
SAP,SAP,2025-01-28,7.8,-0.7,-2.7,0
SAP,SAP,2025-04-21,9.2,0.7,1.7,0
SAP,SAP,2025-07-22,6.9,-5.1,-6.4,0
SAP,SAP,2026-01-29,6.6,-15.2,-17.4,1
SAP,SAP,2026-04-23,8.6,7.4,7.7,0
SAP,SAP,2026-07-23,8.1,9.3,10.2,1
SCHW,Charles Schwab,2022-10-17,6.4,-2.2,-5.2,0
SCHW,Charles Schwab,2023-01-18,3.4,-2.5,-5.0,1
SCHW,Charles Schwab,2023-04-17,3.9,2.3,2.8,0
SCHW,Charles Schwab,2023-07-18,5.1,12.6,14.2,1
SCHW,Charles Schwab,2023-10-16,7.8,4.7,6.4,0
SCHW,Charles Schwab,2024-01-17,4.7,-1.3,-7.2,1
SCHW,Charles Schwab,2024-04-15,5.3,1.7,5.2,0
SCHW,Charles Schwab,2024-07-16,4.7,-10.2,-10.2,1
SCHW,Charles Schwab,2024-10-15,5.7,6.1,9.0,1
SCHW,Charles Schwab,2025-01-21,2.4,-0.4,-1.2,0
SCHW,Charles Schwab,2025-04-17,5.2,0.6,4.5,0
SCHW,Charles Schwab,2025-07-18,4.0,2.9,4.7,1
SCHW,Charles Schwab,2025-10-16,5.0,-1.0,3.0,0
SCHW,Charles Schwab,2026-01-21,4.1,0.8,3.8,0
SCHW,Charles Schwab,2026-04-16,3.5,-7.6,-8.3,1
SCHW,Charles Schwab,2026-07-21,4.6,-2.5,-2.8,0
SE,Sea Ltd,2022-05-17,18.5,14.0,18.3,0
SE,Sea Ltd,2022-08-16,11.7,-13.9,-15.8,1
SE,Sea Ltd,2022-11-15,16.6,36.0,43.3,1
SE,Sea Ltd,2023-03-07,12.9,21.8,24.1,1
SE,Sea Ltd,2023-05-16,9.7,-17.7,-19.6,1
SE,Sea Ltd,2023-08-15,13.9,-28.7,-29.5,1
SE,Sea Ltd,2023-11-14,18.5,-22.1,-22.7,1
SE,Sea Ltd,2024-03-04,17.6,5.6,13.6,0
SE,Sea Ltd,2024-05-14,12.9,2.8,8.1,0
SE,Sea Ltd,2024-08-13,10.9,11.8,12.0,1
SE,Sea Ltd,2024-11-12,12.3,10.5,20.6,1
SE,Sea Ltd,2025-03-04,12.4,7.1,8.7,0
SE,Sea Ltd,2025-05-13,9.0,8.2,9.2,1
SE,Sea Ltd,2025-08-12,10.8,19.1,21.7,1
SE,Sea Ltd,2025-11-11,11.6,-8.2,-8.9,0
SE,Sea Ltd,2026-03-03,12.0,-16.5,-26.8,1
SE,Sea Ltd,2026-08-11,12.9,14.6,14.9,1
SHOP,Shopify,2022-07-27,13.5,11.7,12.5,0
SHOP,Shopify,2022-10-27,11.5,17.3,19.1,1
SHOP,Shopify,2023-02-15,10.3,-15.9,-17.0,1
SHOP,Shopify,2023-05-04,9.7,23.8,29.3,1
SHOP,Shopify,2023-08-02,12.7,-5.4,-6.6,0
SHOP,Shopify,2023-11-02,9.9,22.4,23.3,1
SHOP,Shopify,2024-02-13,13.6,-13.4,-13.6,1
SHOP,Shopify,2024-05-08,10.5,-18.6,-21.3,1
SHOP,Shopify,2024-08-07,12.0,17.8,25.0,1
SHOP,Shopify,2024-11-12,14.3,21.0,27.2,1
SHOP,Shopify,2025-02-11,13.4,3.1,5.0,0
SHOP,Shopify,2025-05-08,11.1,-0.5,-6.7,0
SHOP,Shopify,2025-08-06,10.9,22.0,23.1,1
SHOP,Shopify,2025-11-04,11.9,-6.9,-7.2,0
SHOP,Shopify,2026-02-11,11.7,-6.7,-13.9,1
SHOP,Shopify,2026-05-05,12.6,-15.6,-17.2,1
SHOP,Shopify,2026-08-05,13.2,17.0,24.8,1
SIG,SIG,2022-06-09,12.8,9.1,12.1,0
SIG,SIG,2022-09-01,8.2,-12.0,-13.5,1
SIG,SIG,2022-12-06,11.8,20.2,22.0,1
SIG,SIG,2023-03-16,10.9,11.3,14.3,1
SIG,SIG,2023-06-08,9.9,-10.7,-12.3,1
SIG,SIG,2023-08-31,9.8,5.0,9.7,0
SIG,SIG,2023-12-05,9.4,5.9,6.4,0
SIG,SIG,2024-03-20,10.6,-12.1,-15.8,1
SIG,SIG,2024-06-13,10.4,-14.9,-17.1,1
SIG,SIG,2024-09-12,10.8,11.3,19.4,1
SIG,SIG,2024-12-05,11.1,-11.9,-14.4,1
SIG,SIG,2025-03-19,12.9,17.3,24.7,1
SIG,SIG,2025-06-03,13.3,12.5,16.9,1
SIG,SIG,2025-09-02,11.9,2.7,4.3,0
SIG,SIG,2025-12-02,11.9,-6.8,-8.3,0
SIG,SIG,2026-03-19,10.6,13.7,17.8,1
SIG,SIG,2026-06-02,12.8,3.7,5.9,0
SIG,SIG,2026-09-09,9.8,24.0,24.6,1
SLB,Schlumberger,2022-07-22,3.2,4.3,8.5,1
SLB,Schlumberger,2022-10-21,3.6,10.3,10.6,1
SLB,Schlumberger,2023-01-20,4.2,-0.1,2.8,0
SLB,Schlumberger,2023-04-21,3.2,-4.2,-5.5,1
SLB,Schlumberger,2023-07-21,2.9,-2.2,-4.5,1
SLB,Schlumberger,2023-10-20,2.8,-2.9,-5.4,1
SLB,Schlumberger,2024-01-19,2.8,2.2,3.7,1
SLB,Schlumberger,2024-04-19,3.6,-2.1,-3.8,1
SLB,Schlumberger,2024-07-19,3.3,1.9,4.6,1
SLB,Schlumberger,2024-10-18,3.0,-4.7,-4.8,1
SLB,Schlumberger,2025-01-17,3.8,6.1,8.3,1
SLB,Schlumberger,2025-04-25,3.9,-1.2,-3.7,0
SLB,Schlumberger,2025-07-18,3.5,-3.9,-4.3,1
SLB,Schlumberger,2025-10-17,4.3,-0.9,-3.9,0
SLB,Schlumberger,2026-01-23,2.9,-0.3,4.8,1
SLB,Schlumberger,2026-04-24,3.9,2.6,3.9,1
SLB,Schlumberger,2026-07-24,3.0,11.0,11.4,1
SMCI,Super Micro,2022-05-03,12.9,31.2,31.8,1
SMCI,Super Micro,2022-08-09,13.6,9.5,18.2,1
SMCI,Super Micro,2022-11-01,13.8,12.5,19.6,1
SMCI,Super Micro,2023-01-31,15.2,10.2,11.7,0
SMCI,Super Micro,2023-05-02,10.5,28.3,30.8,1
SMCI,Super Micro,2023-08-08,12.2,-23.4,-25.1,1
SMCI,Super Micro,2023-11-01,12.5,-2.5,-9.9,0
SMCI,Super Micro,2024-01-29,10.8,3.5,11.9,1
SMCI,Super Micro,2024-04-30,13.6,-14.0,-18.5,1
SMCI,Super Micro,2024-08-06,12.9,-20.1,-20.8,1
SMCI,Super Micro,2025-02-25,26.1,12.2,23.4,0
SMCI,Super Micro,2025-05-06,11.7,-1.4,-7.3,0
SMCI,Super Micro,2025-08-05,12.3,-18.3,-21.7,1
SMCI,Super Micro,2025-11-04,11.0,-11.3,-11.4,1
SMCI,Super Micro,2026-02-03,13.4,13.8,17.8,1
SMCI,Super Micro,2026-05-05,14.6,24.5,24.7,1
SMCI,Super Micro,2026-08-11,15.2,19.0,20.7,1
SNDK,SanDisk,2025-05-07,13.5,4.8,8.0,0
SNDK,SanDisk,2025-08-14,9.2,-4.6,-8.3,0
SNDK,SanDisk,2025-11-06,9.2,15.3,15.6,1
SNDK,SanDisk,2026-01-29,10.1,6.9,25.5,1
SNDK,SanDisk,2026-04-30,9.8,8.3,8.5,0
SNOW,Snowflake,2022-08-24,11.2,23.1,23.5,1
SNOW,Snowflake,2022-11-30,13.3,7.8,8.5,0
SNOW,Snowflake,2023-03-01,9.5,-12.4,-15.1,1
SNOW,Snowflake,2023-05-24,9.2,-16.5,-19.2,1
SNOW,Snowflake,2023-08-23,11.5,-5.2,-6.6,0
SNOW,Snowflake,2023-11-29,9.2,7.0,9.9,1
SNOW,Snowflake,2024-02-28,10.9,-18.1,-21.4,1
SNOW,Snowflake,2024-05-22,10.6,-5.4,-6.7,0
SNOW,Snowflake,2024-08-21,11.6,-14.7,-14.7,1
SNOW,Snowflake,2024-11-20,12.4,32.7,35.3,1
SNOW,Snowflake,2025-02-26,12.7,4.5,13.1,1
SNOW,Snowflake,2025-05-21,10.1,13.4,13.9,1
SNOW,Snowflake,2025-08-27,11.2,20.3,24.8,1
SNOW,Snowflake,2025-12-03,9.0,-11.4,-11.7,1
SNOW,Snowflake,2026-02-25,11.6,2.3,9.0,0
SNOW,Snowflake,2026-05-27,14.2,36.5,39.7,1
SNOW,Snowflake,2026-09-02,13.6,16.6,25.7,1
SNPS,Synopsys,2022-05-18,7.2,10.3,12.6,1
SNPS,Synopsys,2022-08-17,4.8,-2.0,2.6,0
SNPS,Synopsys,2022-11-30,7.4,5.4,7.2,0
SNPS,Synopsys,2023-02-15,5.0,-5.2,-7.8,1
SNPS,Synopsys,2023-05-17,4.8,8.7,9.0,1
SNPS,Synopsys,2023-08-16,5.8,-1.0,5.6,0
SNPS,Synopsys,2023-11-29,5.8,-1.7,-4.0,0
SNPS,Synopsys,2024-02-21,9.4,6.9,15.8,1
SNPS,Synopsys,2024-05-22,7.8,2.3,5.6,0
SNPS,Synopsys,2024-08-21,9.7,-2.9,3.7,0
SNPS,Synopsys,2024-12-04,8.2,-12.4,-12.7,1
SNPS,Synopsys,2025-02-26,10.4,-3.3,3.7,0
SNPS,Synopsys,2025-05-28,10.8,-1.6,5.5,0
SNPS,Synopsys,2025-09-09,7.2,-35.8,-37.0,1
SNPS,Synopsys,2025-12-10,7.9,0.3,-4.2,0
SNPS,Synopsys,2026-02-25,8.5,-5.2,-5.7,0
SNPS,Synopsys,2026-05-27,8.3,-8.6,-10.3,1
SNPS,Synopsys,2026-08-26,10.1,13.4,13.4,1
SNX,TD Synnex,2022-09-27,10.6,0.3,2.1,0
SNX,TD Synnex,2023-01-10,7.5,4.7,6.4,0
SNX,TD Synnex,2023-03-28,8.4,-0.8,-3.7,0
SNX,TD Synnex,2023-06-27,7.4,-5.0,-10.3,1
SNX,TD Synnex,2023-09-26,7.8,-5.2,-6.3,0
SNX,TD Synnex,2024-01-09,6.1,0.2,-4.7,0
SNX,TD Synnex,2024-03-26,7.1,6.5,8.5,1
SNX,TD Synnex,2024-06-25,6.4,-9.6,-9.8,1
SNX,TD Synnex,2024-09-26,6.9,1.2,3.1,0
SNX,TD Synnex,2025-01-10,5.6,9.8,10.1,1
SNX,TD Synnex,2025-03-27,7.2,-14.3,-21.9,1
SNX,TD Synnex,2025-06-24,9.0,7.3,8.1,0
SNX,TD Synnex,2025-09-25,10.0,6.2,6.4,0
SNX,TD Synnex,2026-01-08,6.2,-2.3,5.3,0
SNX,TD Synnex,2026-03-31,8.8,5.4,-7.5,0
SNX,TD Synnex,2026-06-25,10.2,-2.0,4.2,0
SNX,TD Synnex,2026-09-24,10.1,-9.9,-15.6,1
SOFI,SoFi Technologies,2022-08-02,16.5,28.4,31.4,1
SOFI,SoFi Technologies,2022-11-01,19.5,5.3,18.9,0
SOFI,SoFi Technologies,2023-01-30,15.0,12.5,17.9,1
SOFI,SoFi Technologies,2023-05-01,14.0,-12.2,-12.4,0
SOFI,SoFi Technologies,2023-07-31,16.2,19.9,22.5,1
SOFI,SoFi Technologies,2023-10-30,18.6,1.0,14.7,0
SOFI,SoFi Technologies,2024-01-29,17.7,20.2,24.0,1
SOFI,SoFi Technologies,2024-04-29,15.6,-10.5,-11.1,0
SOFI,SoFi Technologies,2024-07-30,15.0,1.2,8.5,0
SOFI,SoFi Technologies,2024-10-29,12.4,-6.4,-12.7,1
SOFI,SoFi Technologies,2025-01-27,13.1,-10.3,-13.2,1
SOFI,SoFi Technologies,2025-04-29,12.7,0.5,9.9,0
SOFI,SoFi Technologies,2025-07-29,9.9,6.6,19.5,1
SOFI,SoFi Technologies,2025-10-28,11.9,5.5,6.6,0
SOFI,SoFi Technologies,2026-01-30,8.0,-6.4,-8.4,1
SOFI,SoFi Technologies,2026-04-29,10.2,-15.4,-15.6,1
STT,State Street,2022-10-18,6.6,1.0,-7.2,1
STT,State Street,2023-01-20,4.6,4.7,5.6,1
STT,State Street,2023-04-17,5.4,-9.2,-18.0,1
STT,State Street,2023-07-14,6.7,-12.1,-12.1,1
STT,State Street,2023-10-18,4.5,2.0,4.8,1
STT,State Street,2024-01-19,4.8,2.1,7.5,1
STT,State Street,2024-04-12,5.9,2.5,6.2,1
STT,State Street,2024-07-16,4.5,7.4,7.5,1
STT,State Street,2024-10-15,6.1,1.0,4.0,0
STT,State Street,2025-01-17,4.6,-2.8,-6.0,1
STT,State Street,2025-04-17,6.7,2.0,-5.2,0
STT,State Street,2025-07-15,4.7,-7.3,-7.3,1
STT,State Street,2025-10-17,5.4,-1.4,-7.4,1
STT,State Street,2026-01-16,3.8,-6.1,-6.1,1
STT,State Street,2026-04-17,4.5,2.5,5.0,1
STT,State Street,2026-07-16,5.4,-0.5,3.2,0
STZ,Constellation Brands Inc,2022-10-06,4.1,-1.5,-3.7,0
STZ,Constellation Brands Inc,2023-01-05,4.3,-9.7,-10.0,1
STZ,Constellation Brands Inc,2023-04-06,4.1,1.4,2.3,0
STZ,Constellation Brands Inc,2023-06-30,3.2,-0.3,-3.6,1
STZ,Constellation Brands Inc,2023-10-05,3.7,-3.2,-3.8,1
STZ,Constellation Brands Inc,2024-01-05,3.5,2.1,4.4,1
STZ,Constellation Brands Inc,2024-04-11,3.8,1.3,3.8,1
STZ,Constellation Brands Inc,2024-07-03,4.2,-3.3,-4.2,1
STZ,Constellation Brands Inc,2024-10-03,3.4,-4.7,-4.8,1
STZ,Constellation Brands Inc,2025-01-10,3.7,-17.1,-18.1,1
STZ,Constellation Brands Inc,2025-04-09,8.1,0.7,-4.5,0
STZ,Constellation Brands Inc,2025-07-01,5.9,4.5,5.3,0
STZ,Constellation Brands Inc,2025-10-06,5.8,1.0,6.4,1
STZ,Constellation Brands Inc,2026-01-07,5.3,5.3,7.9,1
STZ,Constellation Brands Inc,2026-04-08,5.0,8.5,8.6,1
STZ,Constellation Brands Inc,2026-06-30,6.6,-1.6,3.5,0
T,AT&T Inc,2022-10-20,4.6,7.7,10.4,1
T,AT&T Inc,2023-01-25,4.4,6.6,6.9,1
T,AT&T Inc,2023-04-20,4.2,-10.4,-10.9,1
T,AT&T Inc,2023-07-26,5.0,0.6,-1.8,0
T,AT&T Inc,2023-10-19,4.9,6.6,9.3,1
T,AT&T Inc,2024-01-24,5.4,-3.0,-4.2,0
T,AT&T Inc,2024-04-24,4.5,1.9,3.2,0
T,AT&T Inc,2024-07-24,4.1,5.2,5.6,1
T,AT&T Inc,2024-10-23,5.1,4.6,5.0,0
T,AT&T Inc,2025-01-27,4.3,6.3,7.2,1
T,AT&T Inc,2025-04-23,5.0,0.9,-3.1,0
T,AT&T Inc,2025-07-23,4.5,1.2,-5.7,1
T,AT&T Inc,2025-10-22,4.8,-1.9,-6.6,1
T,AT&T Inc,2026-01-28,4.7,4.7,5.8,1
T,AT&T Inc,2026-04-22,5.1,0.4,-3.6,0
T,AT&T Inc,2026-07-22,5.3,3.5,6.2,1
TCOM,Trip.com Group,2022-06-27,12.3,10.8,19.3,1
TCOM,Trip.com Group,2022-09-21,14.1,4.8,8.7,0
TCOM,Trip.com Group,2022-12-14,6.2,0.6,4.6,0
TCOM,Trip.com Group,2023-03-06,9.1,-2.8,-5.3,0
TCOM,Trip.com Group,2023-06-07,9.0,5.4,5.5,0
TCOM,Trip.com Group,2023-11-20,8.8,-10.6,-14.0,1
TCOM,Trip.com Group,2024-02-21,8.7,6.6,8.1,0
TCOM,Trip.com Group,2024-05-20,10.7,-2.1,-4.3,0
TCOM,Trip.com Group,2024-08-26,10.9,8.6,10.2,0
TCOM,Trip.com Group,2024-11-18,12.6,2.3,4.4,0
TCOM,Trip.com Group,2025-02-24,11.7,-11.4,-14.0,1
TCOM,Trip.com Group,2025-05-19,10.4,-5.5,-8.7,0
TCOM,Trip.com Group,2025-08-27,8.8,14.9,15.4,1
TCOM,Trip.com Group,2025-11-17,6.9,2.2,3.7,0
TCOM,Trip.com Group,2026-02-25,10.1,-2.6,-3.9,0
TCOM,Trip.com Group,2026-06-24,10.8,-12.5,-17.8,1
TD,Toronto Dominion Bank,2022-08-25,5.1,1.2,2.6,0
TD,Toronto Dominion Bank,2022-12-01,4.0,2.4,2.4,0
TD,Toronto Dominion Bank,2023-03-02,3.9,-2.3,-3.3,0
TD,Toronto Dominion Bank,2023-05-25,5.0,-4.4,-4.4,0
TD,Toronto Dominion Bank,2023-08-24,4.1,-3.4,-3.5,0
TD,Toronto Dominion Bank,2023-11-30,3.7,-0.5,-2.0,0
TD,Toronto Dominion Bank,2024-02-29,3.4,1.0,2.3,0
TD,Toronto Dominion Bank,2024-05-23,4.9,-1.9,-2.7,0
TD,Toronto Dominion Bank,2024-08-22,4.0,-2.2,-4.8,1
TD,Toronto Dominion Bank,2024-12-05,3.7,-6.7,-6.8,1
TD,Toronto Dominion Bank,2025-02-27,4.6,0.1,-1.8,0
TD,Toronto Dominion Bank,2025-05-22,4.3,3.3,4.4,1
TD,Toronto Dominion Bank,2025-08-28,4.7,-4.3,-4.5,0
TD,Toronto Dominion Bank,2025-12-04,3.6,2.0,2.3,0
TD,Toronto Dominion Bank,2026-02-26,4.6,1.6,2.2,0
TD,Toronto Dominion Bank,2026-05-28,4.8,1.0,1.1,0
TFC,Truist Financial,2022-10-18,4.2,-2.4,-5.7,1
TFC,Truist Financial,2023-01-19,3.4,4.3,5.0,1
TFC,Truist Financial,2023-04-20,4.4,-3.8,-4.3,0
TFC,Truist Financial,2023-07-20,3.5,-7.1,-8.1,1
TFC,Truist Financial,2023-10-19,5.0,-2.4,3.5,0
TFC,Truist Financial,2024-01-18,3.5,0.6,5.0,1
TFC,Truist Financial,2024-04-22,4.7,3.4,4.1,0
TFC,Truist Financial,2024-07-22,4.5,3.2,4.1,0
TFC,Truist Financial,2024-10-17,3.4,-3.5,-3.6,1
TFC,Truist Financial,2025-01-17,3.0,5.9,6.1,1
TFC,Truist Financial,2025-04-17,3.7,-0.3,-2.6,0
TFC,Truist Financial,2025-07-18,3.0,-1.7,-2.2,0
TFC,Truist Financial,2025-10-17,4.6,3.7,4.3,0
TFC,Truist Financial,2026-01-21,6.2,1.8,3.3,0
TFC,Truist Financial,2026-04-17,2.9,2.3,3.9,1
TFC,Truist Financial,2026-07-17,3.0,-1.4,1.8,0
TGT,Target,2022-05-18,6.2,-24.9,-27.9,1
TGT,Target,2022-08-17,7.7,-2.7,-5.2,0
TGT,Target,2022-11-16,8.7,-13.1,-16.9,1
TGT,Target,2023-02-28,8.4,1.0,3.5,0
TGT,Target,2023-05-17,7.6,2.6,3.8,0
TGT,Target,2023-08-16,7.4,3.0,8.2,1
TGT,Target,2023-11-15,7.7,17.8,18.7,1
TGT,Target,2024-03-05,7.8,12.0,13.3,1
TGT,Target,2024-05-22,7.1,-8.0,-10.1,1
TGT,Target,2024-08-21,7.8,10.3,16.0,1
TGT,Target,2024-11-20,8.7,-22.0,-22.9,1
TGT,Target,2025-03-04,8.9,-3.0,-6.8,0
TGT,Target,2025-05-21,9.1,-5.2,-7.7,0
TGT,Target,2025-08-20,9.4,-6.3,-10.6,1
TGT,Target,2025-11-19,9.6,-2.8,-3.6,0
TGT,Target,2026-03-03,8.3,6.7,8.2,0
TGT,Target,2026-08-19,7.1,4.3,6.2,0
THO,THO,2022-09-28,12.7,4.1,6.1,0
THO,THO,2022-12-07,9.6,-4.8,-5.7,0
THO,THO,2023-03-07,8.7,-3.8,-7.3,0
THO,THO,2023-06-06,9.5,17.7,18.1,1
THO,THO,2023-09-25,11.2,-2.1,-6.2,0
THO,THO,2023-12-06,9.1,1.4,9.7,1
THO,THO,2024-03-06,8.2,-15.4,-16.7,1
THO,THO,2024-06-05,9.6,0.7,-4.9,0
THO,THO,2024-09-24,11.1,6.1,7.5,0
THO,THO,2024-12-04,9.6,-3.2,-7.0,0
THO,THO,2025-03-05,11.2,-14.5,-17.2,1
THO,THO,2025-06-04,11.4,4.2,10.6,0
THO,THO,2025-09-24,11.7,6.1,7.5,0
THO,THO,2025-12-03,10.1,-9.5,-10.0,0
THO,THO,2026-03-03,11.7,-5.6,-7.6,0
THO,THO,2026-06-03,12.1,2.9,-10.1,0
THO,THO,2026-09-22,11.0,5.5,6.9,0
TJX,TJX Companies,2022-08-17,5.6,2.8,4.7,0
TJX,TJX Companies,2022-11-16,5.9,5.2,5.7,0
TJX,TJX Companies,2023-02-22,5.0,-1.7,-2.5,0
TJX,TJX Companies,2023-05-17,5.0,0.9,4.0,0
TJX,TJX Companies,2023-08-16,3.9,4.1,5.2,1
TJX,TJX Companies,2023-11-15,4.0,-3.3,-4.3,1
TJX,TJX Companies,2024-02-28,4.0,0.6,2.3,0
TJX,TJX Companies,2024-05-22,4.1,3.5,7.5,1
TJX,TJX Companies,2024-08-21,4.3,6.1,6.7,1
TJX,TJX Companies,2024-11-20,4.6,0.2,-2.4,0
TJX,TJX Companies,2025-02-26,4.6,1.8,4.0,0
TJX,TJX Companies,2025-05-21,4.2,-2.9,-3.7,0
TJX,TJX Companies,2025-08-20,4.7,2.7,8.1,1
TJX,TJX Companies,2025-11-19,3.6,0.2,3.7,1
TJX,TJX Companies,2026-02-25,4.0,-1.2,3.2,0
TJX,TJX Companies,2026-05-20,3.6,5.7,6.6,1
TJX,TJX Companies,2026-08-19,4.0,-4.2,-5.9,1
TLRY,Tilray Inc,2022-07-28,6.0,12.0,12.3,1
TLRY,Tilray Inc,2022-10-07,18.5,-18.7,-19.7,1
TLRY,Tilray Inc,2023-01-09,13.2,-6.4,-10.5,0
TLRY,Tilray Inc,2023-04-10,18.2,-8.0,-10.2,0
TLRY,Tilray Inc,2023-07-26,14.3,14.9,25.6,1
TLRY,Tilray Inc,2023-10-04,18.3,-0.9,-7.6,0
TLRY,Tilray Inc,2024-01-09,18.8,-9.8,-10.3,0
TLRY,Tilray Inc,2024-04-09,20.1,-20.7,-22.8,1
TLRY,Tilray Inc,2024-07-29,19.1,9.8,17.5,0
TLRY,Tilray Inc,2024-10-10,13.5,-2.5,-11.0,0
TLRY,Tilray Inc,2025-01-10,20.4,-10.2,-13.9,0
TLRY,Tilray Inc,2025-04-08,24.2,-21.2,-22.2,0
TLRY,Tilray Inc,2025-07-28,34.3,-17.6,-21.3,0
TLRY,Tilray Inc,2025-10-09,23.3,22.1,34.9,1
TLRY,Tilray Inc,2026-01-08,11.8,0.5,10.6,0
TLRY,Tilray Inc,2026-04-01,11.1,-5.1,-6.3,0
TLRY,Tilray Inc,2026-07-28,12.4,-1.0,-8.9,0
TPR,Tapestry,2022-05-12,8.5,15.5,19.0,1
TPR,Tapestry,2022-08-18,6.8,1.2,-2.0,0
TPR,Tapestry,2022-11-10,7.6,4.2,5.3,0
TPR,Tapestry,2023-02-09,8.0,3.5,7.8,0
TPR,Tapestry,2023-05-11,6.8,8.3,10.8,1
TPR,Tapestry,2023-08-17,5.7,0.8,-2.0,0
TPR,Tapestry,2023-11-09,7.8,3.0,7.8,1
TPR,Tapestry,2024-02-08,6.7,6.5,9.8,1
TPR,Tapestry,2024-05-09,6.0,3.6,3.8,0
TPR,Tapestry,2024-08-15,7.0,3.3,9.4,1
TPR,Tapestry,2025-02-06,7.5,12.0,19.8,1
TPR,Tapestry,2025-05-08,6.5,3.7,8.3,1
TPR,Tapestry,2025-08-14,7.5,-15.7,-18.4,1
TPR,Tapestry,2025-11-06,8.2,-9.6,-14.9,1
TPR,Tapestry,2026-02-05,9.9,10.2,11.9,1
TPR,Tapestry,2026-05-07,9.3,-12.3,-13.5,1
TRV,The Travelers Companies Inc,2022-10-19,3.4,4.4,4.6,1
TRV,The Travelers Companies Inc,2023-01-24,5.1,3.7,4.0,0
TRV,The Travelers Companies Inc,2023-04-19,3.2,6.1,7.7,1
TRV,The Travelers Companies Inc,2023-07-20,3.8,1.8,3.3,0
TRV,The Travelers Companies Inc,2023-10-18,3.2,-0.7,2.4,0
TRV,The Travelers Companies Inc,2024-01-19,3.3,6.7,8.0,1
TRV,The Travelers Companies Inc,2024-04-17,4.3,-7.4,-9.2,1
TRV,The Travelers Companies Inc,2024-07-19,4.5,-7.8,-8.0,1
TRV,The Travelers Companies Inc,2024-10-17,4.7,9.0,9.2,1
TRV,The Travelers Companies Inc,2025-01-22,6.4,3.2,6.4,1
TRV,The Travelers Companies Inc,2025-04-16,5.2,1.1,4.3,0
TRV,The Travelers Companies Inc,2025-07-17,3.9,3.8,4.1,1
TRV,The Travelers Companies Inc,2025-10-16,5.5,-2.9,-6.4,1
TRV,The Travelers Companies Inc,2026-01-21,5.9,1.1,2.6,0
TRV,The Travelers Companies Inc,2026-04-16,3.7,-0.2,-2.3,0
TRV,The Travelers Companies Inc,2026-07-17,2.9,9.2,9.7,1
TSLA,Tesla,2022-10-19,9.0,-6.6,-9.0,1
TSLA,Tesla,2023-01-25,8.6,11.0,11.8,1
TSLA,Tesla,2023-04-19,7.5,-9.7,-11.1,1
TSLA,Tesla,2023-07-19,7.3,-9.7,-10.3,1
TSLA,Tesla,2023-10-18,6.5,-9.3,-10.7,1
TSLA,Tesla,2024-01-24,7.4,-12.1,-13.4,1
TSLA,Tesla,2024-04-23,9.4,12.1,16.1,1
TSLA,Tesla,2024-07-23,9.3,-12.3,-12.9,1
TSLA,Tesla,2024-10-23,8.1,21.9,22.7,1
TSLA,Tesla,2025-01-29,9.4,2.9,6.0,0
TSLA,Tesla,2025-04-22,11.1,5.4,9.0,0
TSLA,Tesla,2025-07-23,7.2,-8.2,-9.7,1
TSLA,Tesla,2025-10-22,6.8,2.3,-5.7,0
TSLA,Tesla,2026-01-28,5.7,-3.5,-3.9,0
TSLA,Tesla,2026-04-22,5.3,-3.6,-4.9,0
TSLA,Tesla,2026-07-22,5.9,-14.5,-15.6,1
TSM,Taiwan Semiconductor,2022-07-13,4.9,2.9,3.4,0
TSM,Taiwan Semiconductor,2022-10-13,5.9,3.9,9.5,1
TSM,Taiwan Semiconductor,2023-01-12,4.8,6.4,8.6,1
TSM,Taiwan Semiconductor,2023-04-20,4.0,2.4,5.3,1
TSM,Taiwan Semiconductor,2023-07-20,5.0,-5.0,-5.8,1
TSM,Taiwan Semiconductor,2023-10-18,3.9,3.7,5.8,1
TSM,Taiwan Semiconductor,2024-01-17,4.5,9.8,10.1,1
TSM,Taiwan Semiconductor,2024-04-18,6.6,-4.9,-6.3,0
TSM,Taiwan Semiconductor,2024-07-18,7.0,0.4,4.4,0
TSM,Taiwan Semiconductor,2024-10-17,5.6,9.8,13.4,1
TSM,Taiwan Semiconductor,2025-01-16,6.5,3.9,7.3,1
TSM,Taiwan Semiconductor,2025-04-17,5.5,0.0,3.8,0
TSM,Taiwan Semiconductor,2025-07-17,4.4,3.4,4.5,1
TSM,Taiwan Semiconductor,2025-10-15,5.0,-1.6,-2.6,0
TSM,Taiwan Semiconductor,2026-04-16,4.9,-3.1,-3.9,0
TSM,Taiwan Semiconductor,2026-07-16,4.2,-2.3,-3.8,0
TXN,Texas Instruments,2022-10-25,5.5,-2.6,-6.7,1
TXN,Texas Instruments,2023-01-24,4.5,-1.1,-3.1,0
TXN,Texas Instruments,2023-04-25,4.2,-2.9,-3.4,0
TXN,Texas Instruments,2023-07-25,3.9,-5.4,-6.4,1
TXN,Texas Instruments,2023-10-24,4.6,-3.5,-4.6,1
TXN,Texas Instruments,2024-01-23,4.5,-2.4,-3.3,0
TXN,Texas Instruments,2024-04-23,4.7,5.6,8.5,1
TXN,Texas Instruments,2024-07-23,5.0,0.0,4.2,0
TXN,Texas Instruments,2024-10-22,5.6,4.0,4.7,0
TXN,Texas Instruments,2025-01-23,5.0,-7.5,-7.8,1
TXN,Texas Instruments,2025-04-23,5.8,6.6,8.4,1
TXN,Texas Instruments,2025-07-22,4.7,-13.3,-13.8,1
TXN,Texas Instruments,2025-10-21,6.2,-5.6,-9.8,1
TXN,Texas Instruments,2026-01-27,7.7,9.9,10.1,1
TXN,Texas Instruments,2026-04-22,8.2,19.4,20.2,1
TXN,Texas Instruments,2026-07-22,9.4,-3.1,-6.8,0
UAL,United Airlines Holdings,2022-10-18,6.7,5.0,8.3,1
UAL,United Airlines Holdings,2023-01-17,6.1,-4.6,-5.2,0
UAL,United Airlines Holdings,2023-04-18,5.5,7.5,7.6,1
UAL,United Airlines Holdings,2023-07-19,5.3,3.2,5.0,0
UAL,United Airlines Holdings,2023-10-17,5.5,-9.7,-9.9,1
UAL,United Airlines Holdings,2024-01-22,6.8,5.3,10.1,1
UAL,United Airlines Holdings,2024-04-16,7.3,17.4,18.4,1
UAL,United Airlines Holdings,2024-07-17,8.8,-1.2,5.8,0
UAL,United Airlines Holdings,2024-10-15,7.7,12.4,15.0,1
UAL,United Airlines Holdings,2025-01-21,9.6,-2.3,5.0,0
UAL,United Airlines Holdings,2025-04-15,8.8,0.0,5.6,0
UAL,United Airlines Holdings,2025-07-16,7.2,3.1,6.9,0
UAL,United Airlines Holdings,2025-10-15,6.8,-5.6,-9.6,1
UAL,United Airlines Holdings,2026-01-20,6.1,2.2,5.5,0
UAL,United Airlines Holdings,2026-04-21,6.9,-5.6,-7.1,1
UAL,United Airlines Holdings,2026-07-15,6.1,-1.8,-4.1,0
UBER,Uber Technologies,2022-08-02,12.0,18.9,19.6,1
UBER,Uber Technologies,2022-11-01,12.0,12.0,16.7,1
UBER,Uber Technologies,2023-02-08,9.7,5.5,7.7,0
UBER,Uber Technologies,2023-05-02,8.6,11.5,11.9,1
UBER,Uber Technologies,2023-07-31,8.5,-5.7,-7.0,0
UBER,Uber Technologies,2023-11-07,7.8,3.7,3.9,0
UBER,Uber Technologies,2024-02-07,7.9,0.3,-4.6,0
UBER,Uber Technologies,2024-05-08,8.1,-5.7,-9.4,1
UBER,Uber Technologies,2024-08-06,9.4,10.9,12.6,1
UBER,Uber Technologies,2024-10-31,6.8,-9.3,-12.0,1
UBER,Uber Technologies,2025-02-05,8.5,-7.6,-9.0,1
UBER,Uber Technologies,2025-05-07,7.3,-2.5,-6.7,0
UBER,Uber Technologies,2025-08-06,7.1,-0.2,-3.5,0
UBER,Uber Technologies,2025-11-04,7.0,-5.1,-9.7,1
UBER,Uber Technologies,2026-02-04,7.2,-5.1,-7.8,1
UBER,Uber Technologies,2026-05-06,7.3,8.5,9.8,1
UBER,Uber Technologies,2026-08-05,7.4,-5.3,-7.3,0
UEC,Uranium Energy Corp,2022-09-29,16.8,-2.0,-3.5,0
UEC,Uranium Energy Corp,2022-12-19,17.8,1.0,3.5,0
UEC,Uranium Energy Corp,2023-06-08,8.5,-1.9,-4.7,0
UEC,Uranium Energy Corp,2023-09-29,13.8,-8.0,-8.7,0
UEC,Uranium Energy Corp,2023-12-11,7.7,0.6,-2.8,0
UEC,Uranium Energy Corp,2024-03-11,7.1,2.0,3.6,0
UEC,Uranium Energy Corp,2024-06-10,6.9,-1.0,3.3,0
UEC,Uranium Energy Corp,2024-09-27,4.4,0.0,-3.0,0
UEC,Uranium Energy Corp,2024-12-05,4.9,4.6,6.6,1
UEC,Uranium Energy Corp,2025-03-12,6.1,1.4,8.9,1
UEC,Uranium Energy Corp,2025-06-02,8.4,-4.0,5.2,0
UEC,Uranium Energy Corp,2025-09-24,10.5,-1.2,8.7,0
UEC,Uranium Energy Corp,2025-12-10,9.3,-7.4,-9.9,1
UEC,Uranium Energy Corp,2026-03-10,10.5,6.8,11.9,1
UEC,Uranium Energy Corp,2026-06-09,9.4,-15.5,-18.3,1
UNH,UnitedHealth,2022-10-14,3.8,0.6,3.9,1
UNH,UnitedHealth,2023-01-13,2.3,-1.2,2.8,1
UNH,UnitedHealth,2023-04-14,2.2,-2.7,-3.4,1
UNH,UnitedHealth,2023-07-14,3.5,7.2,8.3,1
UNH,UnitedHealth,2023-10-13,2.9,2.6,3.6,1
UNH,UnitedHealth,2024-01-12,2.4,-3.4,-4.9,1
UNH,UnitedHealth,2024-04-16,5.0,5.2,7.7,1
UNH,UnitedHealth,2024-07-16,4.7,6.5,6.7,1
UNH,UnitedHealth,2024-10-15,4.3,-8.1,-10.3,1
UNH,UnitedHealth,2025-01-16,4.4,-6.0,-6.1,1
UNH,UnitedHealth,2025-04-17,4.1,-22.4,-23.6,1
UNH,UnitedHealth,2025-07-29,8.1,-7.5,-7.6,0
UNH,UnitedHealth,2025-10-28,6.2,0.5,4.1,0
UNH,UnitedHealth,2026-01-27,6.0,-19.6,-20.3,1
UNH,UnitedHealth,2026-04-21,6.0,7.0,10.6,1
UNH,UnitedHealth,2026-07-16,6.2,1.2,10.3,1
USB,US Bancorp,2022-10-14,4.2,3.4,4.6,1
USB,US Bancorp,2023-01-25,3.6,5.3,6.4,1
USB,US Bancorp,2023-04-19,6.2,2.3,2.6,0
USB,US Bancorp,2023-07-19,4.8,6.5,7.4,1
USB,US Bancorp,2023-10-18,5.0,-4.4,-4.6,0
USB,US Bancorp,2024-01-17,4.0,-1.4,-3.0,0
USB,US Bancorp,2024-05-01,1.9,-0.2,1.5,0
USB,US Bancorp,2024-07-17,3.6,4.6,5.5,1
USB,US Bancorp,2024-10-16,4.0,4.7,6.6,1
USB,US Bancorp,2025-01-15,3.9,-5.6,-7.3,1
USB,US Bancorp,2025-04-16,4.2,-2.1,-3.1,0
USB,US Bancorp,2025-07-17,3.5,-1.0,-3.9,1
USB,US Bancorp,2025-10-16,3.5,-1.7,2.9,0
USB,US Bancorp,2026-01-20,3.8,0.0,1.7,0
USB,US Bancorp,2026-04-16,3.3,-1.6,-2.2,0
USB,US Bancorp,2026-07-16,3.1,1.6,2.0,0
V,Visa,2022-07-26,5.1,-1.0,-5.3,1
V,Visa,2022-10-25,5.1,4.6,6.2,1
V,Visa,2023-01-26,3.2,3.0,3.6,1
V,Visa,2023-04-25,3.5,-0.6,1.4,0
V,Visa,2023-07-25,3.5,-0.7,-4.6,1
V,Visa,2023-10-24,3.7,0.9,1.6,0
V,Visa,2024-01-25,3.0,-1.7,-2.6,0
V,Visa,2024-04-23,3.5,0.3,3.2,0
V,Visa,2024-07-23,3.6,-4.0,-4.4,1
V,Visa,2024-10-29,3.4,2.9,4.9,1
V,Visa,2025-01-30,3.0,-0.4,2.4,0
V,Visa,2025-04-29,3.8,1.2,-2.4,0
V,Visa,2025-07-29,3.2,-0.1,1.5,0
V,Visa,2025-10-28,3.6,-1.6,-2.3,0
V,Visa,2026-01-29,2.9,-3.0,-3.1,1
V,Visa,2026-04-28,3.5,8.3,10.6,1
V,Visa,2026-07-28,3.6,0.6,-3.0,0
VEEV,Veeva Systems Inc,2022-08-31,9.4,-14.0,-16.4,1
VEEV,Veeva Systems Inc,2022-12-01,10.7,-8.6,-9.2,0
VEEV,Veeva Systems Inc,2023-03-01,9.9,4.5,7.7,0
VEEV,Veeva Systems Inc,2023-05-31,9.5,19.7,20.6,1
VEEV,Veeva Systems Inc,2023-08-30,8.5,8.4,9.0,1
VEEV,Veeva Systems Inc,2023-12-06,8.6,-3.0,-7.4,0
VEEV,Veeva Systems Inc,2024-02-29,9.7,-1.6,-3.1,0
VEEV,Veeva Systems Inc,2024-05-30,9.0,-10.3,-12.3,1
VEEV,Veeva Systems Inc,2024-08-28,9.1,8.9,12.7,1
VEEV,Veeva Systems Inc,2024-12-05,7.8,8.1,11.8,1
VEEV,Veeva Systems Inc,2025-03-05,10.2,7.4,10.8,1
VEEV,Veeva Systems Inc,2025-05-28,9.6,19.0,21.8,1
VEEV,Veeva Systems Inc,2025-08-27,10.1,-7.2,-7.4,0
VEEV,Veeva Systems Inc,2025-11-20,7.1,-9.8,-12.3,1
VEEV,Veeva Systems Inc,2026-03-04,12.2,4.0,9.0,0
VEEV,Veeva Systems Inc,2026-06-03,14.7,-0.1,3.9,0
VEEV,Veeva Systems Inc,2026-08-26,11.8,15.2,21.0,1
VIK,VIK,2024-05-29,10.0,-2.9,-5.6,0
VIK,VIK,2024-08-22,10.3,-8.8,-9.3,0
VIK,VIK,2024-11-19,11.6,-0.7,-9.4,0
VIK,VIK,2025-03-11,11.8,-6.1,-10.7,0
VIK,VIK,2025-05-20,11.5,-5.0,-9.1,0
VIK,VIK,2025-08-19,10.6,-1.6,-6.9,0
VIK,VIK,2025-11-19,8.2,5.0,6.1,0
VIK,VIK,2026-03-03,10.9,3.2,4.1,0
VLO,Valero Energy Corporation,2022-07-28,2.4,-1.8,3.7,1
VLO,Valero Energy Corporation,2022-10-25,5.5,-1.9,-3.8,0
VLO,Valero Energy Corporation,2023-01-26,3.5,4.6,4.6,1
VLO,Valero Energy Corporation,2023-04-27,3.5,-1.7,-3.8,1
VLO,Valero Energy Corporation,2023-07-27,2.9,-0.6,1.7,0
VLO,Valero Energy Corporation,2023-10-26,3.1,-1.2,-4.5,1
VLO,Valero Energy Corporation,2024-01-25,2.8,3.3,4.4,1
VLO,Valero Energy Corporation,2024-04-25,3.2,0.1,-2.9,0
VLO,Valero Energy Corporation,2024-07-25,3.1,5.5,6.7,1
VLO,Valero Energy Corporation,2024-10-24,3.5,-1.2,-2.2,0
VLO,Valero Energy Corporation,2025-01-30,3.5,-2.9,-3.9,1
VLO,Valero Energy Corporation,2025-04-24,3.6,-1.0,-3.9,1
VLO,Valero Energy Corporation,2025-07-24,3.1,-4.9,-5.4,1
VLO,Valero Energy Corporation,2025-10-23,3.4,7.0,7.6,1
VLO,Valero Energy Corporation,2026-01-29,3.6,-0.8,5.7,1
VLO,Valero Energy Corporation,2026-04-30,4.4,0.5,-3.3,0
VLO,Valero Energy Corporation,2026-07-30,4.5,3.4,4.1,0
VZ,Verizon Communications,2022-07-22,3.5,-6.7,-8.2,1
VZ,Verizon Communications,2022-10-21,4.4,-4.5,-6.6,1
VZ,Verizon Communications,2023-01-24,4.5,2.0,12.9,1
VZ,Verizon Communications,2023-04-25,4.1,0.5,-1.4,0
VZ,Verizon Communications,2023-07-25,4.5,0.8,2.9,0
VZ,Verizon Communications,2023-10-24,4.1,9.3,9.8,1
VZ,Verizon Communications,2024-01-23,3.7,6.7,6.7,1
VZ,Verizon Communications,2024-04-22,4.1,-4.7,-4.8,1
VZ,Verizon Communications,2024-07-22,3.7,-6.1,-7.0,1
VZ,Verizon Communications,2024-10-22,4.2,-5.0,-6.8,1
VZ,Verizon Communications,2025-01-24,3.8,0.9,3.8,1
VZ,Verizon Communications,2025-04-22,4.9,0.6,-3.2,0
VZ,Verizon Communications,2025-07-21,3.8,4.0,5.5,1
VZ,Verizon Communications,2025-10-29,4.2,2.3,5.1,1
VZ,Verizon Communications,2026-01-30,3.8,11.8,12.1,1
VZ,Verizon Communications,2026-04-27,5.0,1.6,4.9,0
VZ,Verizon Communications,2026-07-24,3.7,5.8,6.0,1
WDAY,Workday,2022-08-25,7.7,2.5,10.0,1
WDAY,Workday,2022-11-29,8.7,17.2,17.2,1
WDAY,Workday,2023-02-27,7.5,0.3,2.1,0
WDAY,Workday,2023-05-25,6.5,10.0,11.4,1
WDAY,Workday,2023-08-24,6.4,5.4,6.4,1
WDAY,Workday,2023-11-28,6.3,11.0,14.0,1
WDAY,Workday,2024-02-26,10.1,-4.0,-4.8,0
WDAY,Workday,2024-05-23,6.9,-15.3,-15.9,1
WDAY,Workday,2024-08-22,8.7,12.5,15.0,1
WDAY,Workday,2024-11-26,10.6,-6.2,-12.2,1
WDAY,Workday,2025-02-25,9.3,6.2,10.1,1
WDAY,Workday,2025-05-22,7.7,-12.5,-12.9,1
WDAY,Workday,2025-08-21,8.4,-2.8,-7.1,0
WDAY,Workday,2025-11-25,7.4,-7.9,-11.1,1
WDAY,Workday,2026-02-24,9.7,2.2,-9.6,0
WDAY,Workday,2026-05-21,11.2,5.2,9.7,0
WDAY,Workday,2026-08-27,8.3,5.8,7.4,0
WFC,Wells Fargo,2022-10-14,5.0,1.9,6.0,1
WFC,Wells Fargo,2023-01-13,4.1,3.2,-5.5,1
WFC,Wells Fargo,2023-04-14,4.2,-0.1,2.1,0
WFC,Wells Fargo,2023-07-14,3.6,-0.3,3.7,1
WFC,Wells Fargo,2023-10-13,3.8,3.1,4.8,1
WFC,Wells Fargo,2024-01-12,3.0,-3.3,-4.2,1
WFC,Wells Fargo,2024-04-12,3.8,-0.4,-2.4,0
WFC,Wells Fargo,2024-07-12,4.2,-6.0,-7.6,1
WFC,Wells Fargo,2024-10-11,3.7,5.6,6.9,1
WFC,Wells Fargo,2025-01-15,4.7,6.7,7.9,1
WFC,Wells Fargo,2025-04-11,6.0,-1.0,-5.5,0
WFC,Wells Fargo,2025-07-15,4.3,-5.5,-6.8,1
WFC,Wells Fargo,2025-10-14,4.5,7.1,9.0,1
WFC,Wells Fargo,2026-01-14,4.2,-4.6,-5.9,1
WFC,Wells Fargo,2026-04-14,4.5,-5.7,-7.3,1
WFC,Wells Fargo,2026-07-14,4.9,-2.7,-4.4,0
WMT,Walmart,2022-08-16,4.7,5.1,6.3,1
WMT,Walmart,2022-11-15,5.9,6.5,8.6,1
WMT,Walmart,2023-02-21,4.7,0.6,-2.9,0
WMT,Walmart,2023-05-18,3.5,1.3,3.2,0
WMT,Walmart,2023-08-17,3.5,-2.2,-2.7,0
WMT,Walmart,2023-11-16,3.5,-8.1,-8.4,1
WMT,Walmart,2024-02-20,4.3,3.2,6.5,1
WMT,Walmart,2024-05-16,3.7,7.0,7.7,1
WMT,Walmart,2024-08-15,5.8,6.6,8.4,1
WMT,Walmart,2024-11-19,5.6,3.0,5.0,0
WMT,Walmart,2025-02-20,5.1,-6.5,-7.0,1
WMT,Walmart,2025-05-15,4.8,-0.5,-5.1,1
WMT,Walmart,2025-08-21,4.7,-4.5,-5.5,1
WMT,Walmart,2025-11-20,5.0,6.5,7.3,1
WMT,Walmart,2026-02-19,5.5,-1.4,2.7,0
WMT,Walmart,2026-05-21,4.5,-7.3,-8.0,1
WMT,Walmart,2026-08-20,5.0,-9.2,-10.0,1
